0,1,2,3,4,5,6,7,8,9,10,11,12,13,14,15,16,17,18,19,20,21,22,23,24,25,26,27,28,29,30,31,32,33,34,35,36,37,38,0
2.0,2.0,2.0,1.0,10.0,0.0,10.0,0.0,2.0,1.0,1.0,0.0,2.0,0.0,2.0,90.0,23.0,1.0,22.0,5.0,18.0,0.0,12.0,4.0,9.0,2.0,2.0,2.0,1.0,3.0,1.0,0.0,4.0,4.0,4.0,2.0,0.0,0.0,2.0,0
1.0,1.0,1.0,1.0,5.0,0.0,5.0,0.0,2.0,0.0,0.0,0.0,1.0,0.0,1.0,98.0,8.0,0.0,8.0,4.0,4.0,0.0,4.0,3.0,2.0,1.0,1.0,1.0,1.0,3.0,0.0,0.0,1.0,1.0,1.0,1.0,0.0,0.0,2.0,0
1.0,1.0,1.0,1.0,3.0,0.0,3.0,0.0,2.0,1.0,0.0,0.0,3.0,1.0,3.0,94.0,13.0,2.0,11.0,6.0,7.0,0.0,8.0,6.0,4.0,1.0,1.0,1.0,1.0,2.0,0.0,0.0,3.0,3.0,3.0,3.0,0.0,0.0,2.0,0
1.0,1.0,1.0,1.0,3.0,0.0,3.0,0.0,2.0,0.0,0.0,5.0,2.0,4.0,2.0,98.0,9.0,1.0,8.0,7.0,5.0,0.0,8.0,7.0,5.0,1.0,1.0,1.0,1.0,3.0,0.0,0.0,2.0,2.0,2.0,2.0,0.0,0.0,2.0,0
1.0,1.0,1.0,1.0,2.0,0.0,2.0,0.0,2.0,0.0,0.0,0.0,1.0,0.0,1.0,30.0,3.0,0.0,3.0,2.0,1.0,0.0,3.0,2.0,1.0,1.0,1.0,1.0,1.0,5.0,0.0,0.0,1.0,1.0,1.0,1.0,0.0,0.0,2.0,0
1.0,1.0,1.0,1.0,5.0,0.0,5.0,0.0,2.0,0.0,0.0,0.0,1.0,0.0,1.0,30.0,6.0,0.0,6.0,3.0,4.0,0.0,5.0,3.0,3.0,1.0,1.0,1.0,1.0,5.0,0.0,0.0,1.0,1.0,1.0,1.0,0.0,0.0,2.0,0
1.0,1.0,1.0,1.0,2.0,0.0,2.0,0.0,2.0,1.0,0.0,0.0,2.0,0.0,2.0,24.0,7.0,1.0,6.0,4.0,3.0,0.0,6.0,4.0,3.0,1.0,1.0,1.0,1.0,3.0,0.0,0.0,2.0,2.0,2.0,2.0,0.0,0.0,2.0,0
1.0,1.0,1.0,1.0,2.0,0.0,2.0,0.0,2.0,1.0,1.0,0.0,1.0,0.0,1.0,29.0,3.0,0.0,3.0,2.0,1.0,0.0,3.0,2.0,1.0,1.0,1.0,1.0,1.0,3.0,0.0,0.0,1.0,1.0,1.0,1.0,0.0,0.0,2.0,0
1.0,1.0,1.0,1.0,2.0,0.0,2.0,0.0,2.0,1.0,1.0,0.0,2.0,0.0,2.0,42.0,6.0,1.0,5.0,3.0,2.0,0.0,5.0,3.0,2.0,1.0,1.0,1.0,1.0,2.0,0.0,0.0,2.0,2.0,2.0,2.0,0.0,0.0,2.0,0
1.0,1.0,1.0,1.0,5.0,0.0,5.0,0.0,2.0,2.0,1.0,0.0,2.0,1.0,2.0,42.0,12.0,1.0,11.0,4.0,8.0,0.0,6.0,3.0,3.0,1.0,1.0,1.0,1.0,2.0,0.0,0.0,2.0,2.0,2.0,2.0,0.0,0.0,2.0,0
1.0,1.0,1.0,1.0,6.0,0.0,6.0,0.0,2.0,1.0,1.0,0.0,2.0,1.0,2.0,42.0,15.0,1.0,14.0,6.0,11.0,0.0,9.0,5.0,6.0,1.0,1.0,1.0,1.0,2.0,0.0,0.0,2.0,2.0,2.0,2.0,0.0,0.0,2.0,0
1.0,1.0,1.0,1.0,4.0,0.0,4.0,0.0,2.0,2.0,1.0,0.0,2.0,2.0,2.0,13.0,10.0,1.0,9.0,5.0,6.0,0.0,9.0,5.0,6.0,1.0,1.0,1.0,1.0,2.0,0.0,0.0,2.0,2.0,2.0,2.0,0.0,0.0,2.0,0
1.0,1.0,1.0,1.0,4.0,0.0,4.0,0.0,2.0,2.0,1.0,0.0,2.0,2.0,2.0,13.0,10.0,1.0,9.0,5.0,6.0,0.0,9.0,5.0,6.0,1.0,1.0,1.0,1.0,2.0,0.0,0.0,2.0,2.0,2.0,2.0,0.0,0.0,2.0,0
1.0,1.0,1.0,1.0,3.0,0.0,3.0,0.0,2.0,2.0,1.0,0.0,2.0,2.0,2.0,47.0,8.0,1.0,7.0,5.0,4.0,0.0,6.0,4.0,3.0,1.0,1.0,1.0,1.0,3.0,0.0,0.0,2.0,2.0,2.0,2.0,0.0,0.0,2.0,0
1.0,1.0,1.0,1.0,2.0,0.0,2.0,0.0,2.0,1.0,1.0,0.0,1.0,0.0,1.0,12.0,3.0,0.0,3.0,2.0,1.0,0.0,3.0,2.0,1.0,1.0,1.0,1.0,1.0,2.0,0.0,0.0,1.0,1.0,1.0,1.0,0.0,0.0,2.0,0
1.0,1.0,1.0,1.0,2.0,0.0,2.0,0.0,2.0,0.0,0.0,0.0,1.0,0.0,1.0,27.0,3.0,0.0,3.0,2.0,1.0,0.0,3.0,2.0,1.0,1.0,1.0,1.0,1.0,4.0,0.0,0.0,1.0,1.0,1.0,1.0,0.0,0.0,2.0,0
1.0,1.0,1.0,1.0,3.0,0.0,2.0,0.0,2.0,0.0,0.0,0.0,3.0,0.0,3.0,28.0,12.0,2.0,9.0,4.0,5.0,1.0,9.0,4.0,5.0,1.0,1.0,1.0,1.0,4.0,0.0,0.11,3.0,3.0,3.0,3.0,0.0,0.0,2.0,0
1.0,1.0,1.0,1.0,2.0,0.0,2.0,0.0,2.0,0.0,0.0,0.0,1.0,0.0,1.0,2.0,3.0,0.0,3.0,2.0,1.0,0.0,3.0,2.0,1.0,1.0,1.0,1.0,1.0,2.0,0.0,0.0,1.0,1.0,1.0,1.0,0.0,0.0,2.0,0
1.0,1.0,1.0,1.0,2.0,0.0,2.0,0.0,2.0,0.0,0.0,0.0,1.0,0.0,1.0,2.0,3.0,0.0,3.0,2.0,1.0,0.0,3.0,2.0,1.0,1.0,1.0,1.0,1.0,2.0,0.0,0.0,1.0,1.0,1.0,1.0,0.0,0.0,2.0,0
0.0,0.0,0.0,0.0,0.0,0.0,0.0,0.0,2.0,0.0,0.0,0.0,0.0,0.0,0.0,6.0,3.0,0.0,3.0,3.0,2.0,0.0,3.0,3.0,2.0,0.0,0.0,0.0,0.0,2.0,0.0,0.0,0.0,0.0,0.0,0.0,0.0,0.0,2.0,0
0.0,0.0,0.0,0.0,0.0,0.0,0.0,0.0,2.0,0.0,0.0,0.0,0.0,0.0,0.0,6.0,3.0,0.0,3.0,3.0,2.0,0.0,3.0,3.0,2.0,0.0,0.0,0.0,0.0,2.0,0.0,0.0,0.0,0.0,0.0,0.0,0.0,0.0,2.0,0
0.0,0.0,0.0,0.0,0.0,0.0,0.0,0.0,2.0,0.0,0.0,0.0,0.0,0.0,0.0,6.0,3.0,0.0,3.0,3.0,2.0,0.0,3.0,3.0,2.0,0.0,0.0,0.0,0.0,2.0,0.0,0.0,0.0,0.0,0.0,0.0,0.0,0.0,2.0,0
0.0,0.0,0.0,0.0,0.0,0.0,0.0,0.0,2.0,0.0,0.0,0.0,0.0,0.0,0.0,6.0,3.0,0.0,3.0,3.0,2.0,0.0,3.0,3.0,2.0,0.0,0.0,0.0,0.0,2.0,0.0,0.0,0.0,0.0,0.0,0.0,0.0,0.0,2.0,0
0.0,0.0,0.0,0.0,0.0,0.0,0.0,0.0,2.0,0.0,0.0,0.0,0.0,0.0,0.0,6.0,3.0,0.0,3.0,3.0,2.0,0.0,3.0,3.0,2.0,0.0,0.0,0.0,0.0,2.0,0.0,0.0,0.0,0.0,0.0,0.0,0.0,0.0,2.0,0
0.0,0.0,0.0,0.0,0.0,0.0,0.0,0.0,2.0,0.0,0.0,0.0,0.0,0.0,0.0,7.0,3.0,0.0,3.0,3.0,2.0,0.0,3.0,3.0,2.0,0.0,0.0,0.0,0.0,2.0,0.0,0.0,0.0,0.0,0.0,0.0,0.0,0.0,2.0,0
0.0,0.0,0.0,0.0,0.0,0.0,0.0,0.0,2.0,0.0,0.0,0.0,0.0,0.0,0.0,7.0,3.0,0.0,3.0,3.0,2.0,0.0,3.0,3.0,2.0,0.0,0.0,0.0,0.0,2.0,0.0,0.0,0.0,0.0,0.0,0.0,0.0,0.0,2.0,0
0.0,0.0,0.0,0.0,0.0,0.0,0.0,0.0,2.0,0.0,0.0,0.0,0.0,0.0,0.0,3.0,3.0,0.0,3.0,3.0,2.0,0.0,3.0,3.0,2.0,0.0,0.0,0.0,0.0,2.0,0.0,0.0,0.0,0.0,0.0,0.0,0.0,0.0,2.0,0
0.0,0.0,0.0,0.0,0.0,0.0,0.0,0.0,2.0,0.0,0.0,0.0,0.0,0.0,0.0,6.0,3.0,0.0,3.0,3.0,2.0,0.0,3.0,3.0,2.0,0.0,0.0,0.0,0.0,2.0,0.0,0.0,0.0,0.0,0.0,0.0,0.0,0.0,2.0,0
0.0,0.0,0.0,0.0,0.0,0.0,0.0,0.0,2.0,0.0,0.0,0.0,0.0,0.0,0.0,11.0,3.0,0.0,3.0,3.0,2.0,0.0,3.0,3.0,2.0,0.0,0.0,0.0,0.0,2.0,0.0,0.0,0.0,0.0,0.0,0.0,0.0,0.0,2.0,0
2.0,2.0,2.0,2.0,17.0,3.0,12.0,1.0,2.0,7.0,2.0,0.0,25.0,5.0,25.0,173.0,574.0,120.0,315.0,98.0,284.0,144.0,252.0,98.0,221.0,17.0,17.0,19.0,15.0,4.0,4.0,0.46,70.0,70.0,74.0,57.0,0.0,0.0,2.0,0
1.0,1.0,1.0,1.0,8.0,0.0,6.0,1.0,2.0,3.0,1.0,0.0,9.0,4.0,9.0,157.0,180.0,33.0,56.0,28.0,44.0,91.0,46.0,27.0,34.0,2.0,2.0,5.0,1.0,4.0,1.0,1.62,12.0,12.0,15.0,9.0,0.0,0.0,2.0,0
3.0,3.0,3.0,2.0,13.0,1.0,10.0,2.0,2.0,10.0,1.0,0.0,21.0,4.0,21.0,101.0,380.0,62.0,226.0,65.0,201.0,94.0,198.0,65.0,173.0,9.0,9.0,16.0,6.0,2.0,3.0,0.42,64.0,64.0,81.0,43.0,0.0,0.0,2.0,0
1.0,1.0,1.0,1.0,2.0,0.0,2.0,0.0,2.0,0.0,0.0,0.0,2.0,0.0,2.0,26.0,8.0,1.0,7.0,5.0,2.0,0.0,5.0,3.0,2.0,1.0,1.0,1.0,1.0,4.0,0.0,0.0,2.0,2.0,2.0,2.0,0.0,0.0,2.0,0
1.0,1.0,1.0,1.0,4.0,0.0,4.0,0.0,2.0,0.0,0.0,0.0,4.0,0.0,4.0,20.0,22.0,3.0,18.0,8.0,12.0,1.0,17.0,7.0,12.0,1.0,1.0,1.0,1.0,2.0,0.0,0.06,4.0,4.0,4.0,4.0,0.0,0.0,2.0,0
1.0,1.0,1.0,1.0,5.0,0.0,4.0,1.0,2.0,0.0,0.0,0.0,1.0,0.0,1.0,16.0,6.0,0.0,5.0,3.0,3.0,1.0,5.0,3.0,3.0,1.0,1.0,1.0,1.0,1.0,0.0,0.2,1.0,1.0,1.0,1.0,0.0,0.0,2.0,0
0.0,0.0,0.0,0.0,0.0,0.0,0.0,0.0,2.0,0.0,0.0,0.0,0.0,0.0,0.0,33.0,6.0,0.0,2.0,2.0,1.0,4.0,2.0,2.0,1.0,0.0,0.0,0.0,0.0,4.0,0.0,2.0,0.0,0.0,0.0,0.0,0.0,0.0,2.0,0
14.0,14.0,15.0,5.0,38.0,2.0,34.0,2.0,2.0,1.0,0.0,0.0,2.0,0.0,2.0,35.0,87.0,6.0,71.0,16.0,68.0,11.0,59.0,16.0,56.0,27.0,27.0,29.0,10.0,4.0,8.0,0.15,28.0,28.0,30.0,11.0,0.0,0.0,2.0,0
1.0,1.0,1.0,1.0,2.0,0.0,2.0,0.0,2.0,0.0,0.0,0.0,1.0,0.0,1.0,34.0,10.0,1.0,4.0,3.0,2.0,5.0,4.0,3.0,2.0,1.0,1.0,1.0,1.0,4.0,0.0,1.25,1.0,1.0,1.0,1.0,0.0,0.0,2.0,0
3.0,3.0,3.0,1.0,8.0,0.0,7.0,2.0,2.0,0.0,0.0,0.0,1.0,0.0,1.0,34.0,16.0,1.0,9.0,3.0,7.0,7.0,9.0,3.0,7.0,3.0,3.0,3.0,1.0,4.0,1.0,0.78,3.0,3.0,3.0,1.0,0.0,0.0,2.0,0
6.0,6.0,6.0,1.0,22.0,2.0,19.0,1.0,2.0,1.0,0.0,0.0,2.0,0.0,2.0,35.0,54.0,6.0,41.0,12.0,38.0,8.0,29.0,12.0,26.0,12.0,12.0,12.0,1.0,4.0,3.0,0.2,13.0,13.0,13.0,2.0,0.0,0.0,2.0,0
7.0,7.0,7.0,1.0,22.0,1.0,19.0,1.0,2.0,1.0,0.0,0.0,3.0,0.0,3.0,36.0,85.0,9.0,61.0,20.0,57.0,16.0,48.0,20.0,44.0,16.0,16.0,17.0,1.0,4.0,3.0,0.26,21.0,21.0,22.0,3.0,0.0,0.0,2.0,0
1.0,1.0,1.0,1.0,7.0,0.0,4.0,2.0,2.0,5.0,1.0,0.0,18.0,1.0,19.0,38.0,224.0,46.0,117.0,68.0,96.0,61.0,114.0,66.0,94.0,6.0,6.0,6.0,6.0,1.0,4.0,0.52,32.0,32.0,32.0,26.0,0.0,0.0,2.0,0
1.0,1.0,1.0,1.0,8.0,0.0,8.0,0.0,2.0,1.0,0.0,0.0,3.0,1.0,3.0,13.0,33.0,5.0,27.0,14.0,23.0,1.0,25.0,14.0,21.0,3.0,3.0,3.0,1.0,3.0,1.0,0.04,5.0,5.0,5.0,3.0,0.0,0.0,2.0,0
2.0,2.0,2.0,1.0,8.0,1.0,7.0,0.0,2.0,0.0,0.0,0.0,2.0,0.0,2.0,12.0,22.0,5.0,16.0,8.0,13.0,1.0,16.0,8.0,13.0,3.0,3.0,3.0,1.0,3.0,1.0,0.06,4.0,4.0,4.0,2.0,0.0,0.0,2.0,0
2.0,2.0,2.0,1.0,12.0,0.0,9.0,2.0,2.0,2.0,0.0,1.0,19.0,2.0,19.0,29.0,258.0,29.0,176.0,72.0,155.0,53.0,163.0,71.0,143.0,6.0,6.0,7.0,1.0,3.0,3.0,0.3,44.0,44.0,50.0,19.0,0.0,0.0,2.0,0
2.0,2.0,2.0,1.0,13.0,0.0,13.0,0.0,2.0,0.0,0.0,0.0,1.0,0.0,1.0,12.0,19.0,2.0,16.0,11.0,14.0,1.0,16.0,11.0,14.0,2.0,2.0,2.0,1.0,3.0,1.0,0.06,2.0,2.0,2.0,1.0,0.0,0.0,2.0,0
3.0,3.0,3.0,1.0,22.0,0.0,22.0,0.0,2.0,0.0,0.0,1.0,1.0,0.0,1.0,12.0,29.0,2.0,26.0,12.0,24.0,1.0,24.0,12.0,22.0,3.0,3.0,3.0,1.0,3.0,1.0,0.04,3.0,3.0,3.0,1.0,0.0,0.0,2.0,0
1.0,1.0,1.0,1.0,6.0,0.0,5.0,1.0,2.0,0.0,0.0,0.0,2.0,0.0,2.0,9.0,32.0,5.0,12.0,6.0,9.0,15.0,12.0,6.0,9.0,2.0,2.0,2.0,1.0,3.0,1.0,1.25,3.0,3.0,3.0,2.0,0.0,0.0,2.0,0
1.0,1.0,1.0,1.0,5.0,0.0,5.0,0.0,2.0,2.0,2.0,0.0,2.0,0.0,2.0,37.0,48.0,6.0,13.0,6.0,10.0,29.0,9.0,6.0,6.0,1.0,1.0,2.0,1.0,2.0,0.0,2.23,2.0,2.0,3.0,2.0,0.0,0.0,2.0,0
1.0,1.0,1.0,1.0,2.0,0.0,2.0,0.0,2.0,0.0,0.0,0.0,1.0,0.0,1.0,3.0,6.0,1.0,5.0,4.0,3.0,0.0,5.0,4.0,3.0,1.0,1.0,1.0,1.0,2.0,0.0,0.0,1.0,1.0,1.0,1.0,0.0,0.0,2.0,0
1.0,1.0,1.0,1.0,2.0,0.0,2.0,0.0,2.0,0.0,0.0,0.0,1.0,0.0,1.0,3.0,6.0,1.0,5.0,4.0,3.0,0.0,5.0,4.0,3.0,1.0,1.0,1.0,1.0,2.0,0.0,0.0,1.0,1.0,1.0,1.0,0.0,0.0,2.0,0
1.0,1.0,1.0,1.0,2.0,0.0,2.0,0.0,2.0,0.0,0.0,0.0,1.0,0.0,1.0,3.0,6.0,1.0,5.0,4.0,3.0,0.0,5.0,4.0,3.0,1.0,1.0,1.0,1.0,2.0,0.0,0.0,1.0,1.0,1.0,1.0,0.0,0.0,2.0,0
1.0,1.0,1.0,1.0,2.0,0.0,2.0,0.0,2.0,0.0,0.0,0.0,1.0,0.0,1.0,3.0,6.0,1.0,5.0,4.0,3.0,0.0,5.0,4.0,3.0,1.0,1.0,1.0,1.0,2.0,0.0,0.0,1.0,1.0,1.0,1.0,0.0,0.0,2.0,0
1.0,1.0,1.0,1.0,2.0,0.0,2.0,0.0,2.0,0.0,0.0,0.0,1.0,0.0,1.0,3.0,6.0,1.0,5.0,4.0,3.0,0.0,5.0,4.0,3.0,1.0,1.0,1.0,1.0,2.0,0.0,0.0,1.0,1.0,1.0,1.0,0.0,0.0,2.0,0
1.0,1.0,1.0,1.0,2.0,0.0,2.0,0.0,2.0,0.0,0.0,0.0,1.0,0.0,1.0,3.0,6.0,1.0,5.0,4.0,3.0,0.0,5.0,4.0,3.0,1.0,1.0,1.0,1.0,2.0,0.0,0.0,1.0,1.0,1.0,1.0,0.0,0.0,2.0,0
1.0,1.0,1.0,1.0,2.0,0.0,2.0,0.0,2.0,0.0,0.0,0.0,1.0,0.0,1.0,3.0,6.0,1.0,5.0,4.0,3.0,0.0,5.0,4.0,3.0,1.0,1.0,1.0,1.0,2.0,0.0,0.0,1.0,1.0,1.0,1.0,0.0,0.0,2.0,0
1.0,1.0,1.0,1.0,2.0,0.0,2.0,0.0,2.0,0.0,0.0,0.0,1.0,0.0,1.0,3.0,6.0,1.0,5.0,4.0,3.0,0.0,5.0,4.0,3.0,1.0,1.0,1.0,1.0,2.0,0.0,0.0,1.0,1.0,1.0,1.0,0.0,0.0,2.0,0
1.0,1.0,1.0,1.0,2.0,0.0,2.0,0.0,2.0,0.0,0.0,0.0,1.0,0.0,1.0,3.0,5.0,1.0,4.0,3.0,2.0,0.0,4.0,3.0,2.0,1.0,1.0,1.0,1.0,2.0,0.0,0.0,1.0,1.0,1.0,1.0,0.0,0.0,2.0,0
1.0,1.0,1.0,1.0,2.0,0.0,2.0,0.0,2.0,0.0,0.0,0.0,1.0,0.0,1.0,3.0,6.0,1.0,5.0,4.0,3.0,0.0,5.0,4.0,3.0,1.0,1.0,1.0,1.0,2.0,0.0,0.0,1.0,1.0,1.0,1.0,0.0,0.0,2.0,0
1.0,1.0,1.0,1.0,2.0,0.0,2.0,0.0,2.0,0.0,0.0,0.0,1.0,0.0,1.0,3.0,6.0,1.0,5.0,4.0,3.0,0.0,5.0,4.0,3.0,1.0,1.0,1.0,1.0,2.0,0.0,0.0,1.0,1.0,1.0,1.0,0.0,0.0,2.0,0
1.0,1.0,1.0,1.0,2.0,0.0,2.0,0.0,2.0,0.0,0.0,0.0,1.0,0.0,1.0,3.0,6.0,1.0,5.0,4.0,3.0,0.0,5.0,4.0,3.0,1.0,1.0,1.0,1.0,2.0,0.0,0.0,1.0,1.0,1.0,1.0,0.0,0.0,2.0,0
1.0,1.0,1.0,1.0,2.0,0.0,2.0,0.0,2.0,0.0,0.0,0.0,1.0,0.0,1.0,3.0,6.0,1.0,5.0,4.0,3.0,0.0,5.0,4.0,3.0,1.0,1.0,1.0,1.0,2.0,0.0,0.0,1.0,1.0,1.0,1.0,0.0,0.0,2.0,0
1.0,1.0,1.0,1.0,2.0,0.0,2.0,0.0,2.0,0.0,0.0,0.0,1.0,0.0,1.0,3.0,6.0,1.0,5.0,4.0,3.0,0.0,5.0,4.0,3.0,1.0,1.0,1.0,1.0,2.0,0.0,0.0,1.0,1.0,1.0,1.0,0.0,0.0,2.0,0
1.0,1.0,1.0,1.0,2.0,0.0,2.0,0.0,2.0,0.0,0.0,0.0,1.0,0.0,1.0,3.0,6.0,1.0,5.0,4.0,3.0,0.0,5.0,4.0,3.0,1.0,1.0,1.0,1.0,2.0,0.0,0.0,1.0,1.0,1.0,1.0,0.0,0.0,2.0,0
1.0,1.0,1.0,1.0,2.0,0.0,2.0,0.0,2.0,0.0,0.0,0.0,1.0,0.0,1.0,3.0,6.0,1.0,5.0,4.0,3.0,0.0,5.0,4.0,3.0,1.0,1.0,1.0,1.0,2.0,0.0,0.0,1.0,1.0,1.0,1.0,0.0,0.0,2.0,0
0.0,0.0,0.0,0.0,0.0,0.0,0.0,0.0,2.0,0.0,0.0,0.0,0.0,0.0,0.0,13.0,6.0,1.0,1.0,1.0,0.0,4.0,1.0,1.0,0.0,0.0,0.0,0.0,0.0,4.0,0.0,4.0,0.0,0.0,0.0,0.0,0.0,0.0,2.0,0
1.0,1.0,1.0,1.0,9.0,0.0,8.0,4.0,2.0,0.0,0.0,0.0,1.0,0.0,1.0,4.0,12.0,1.0,10.0,4.0,8.0,4.0,10.0,4.0,8.0,1.0,1.0,1.0,1.0,2.0,0.0,0.4,1.0,1.0,1.0,1.0,0.0,0.0,2.0,0
1.0,1.0,1.0,1.0,6.0,0.0,5.0,1.0,2.0,1.0,0.0,0.0,2.0,0.0,2.0,8.0,19.0,2.0,15.0,7.0,9.0,3.0,11.0,5.0,8.0,2.0,2.0,2.0,1.0,3.0,1.0,0.2,3.0,3.0,3.0,2.0,0.0,0.0,2.0,0
1.0,1.0,1.0,1.0,10.0,0.0,8.0,2.0,2.0,0.0,0.0,0.0,1.0,0.0,1.0,3.0,11.0,0.0,9.0,3.0,7.0,2.0,5.0,3.0,3.0,1.0,1.0,1.0,1.0,2.0,0.0,0.22,1.0,1.0,1.0,1.0,0.0,0.0,2.0,0
0.0,0.0,0.0,0.0,0.0,0.0,0.0,0.0,2.0,0.0,0.0,0.0,0.0,0.0,0.0,20.0,3.0,0.0,2.0,1.0,1.0,1.0,2.0,1.0,1.0,0.0,0.0,0.0,0.0,3.0,0.0,0.5,0.0,0.0,0.0,0.0,0.0,0.0,2.0,0
0.0,0.0,0.0,0.0,0.0,0.0,0.0,0.0,2.0,0.0,0.0,0.0,0.0,0.0,0.0,21.0,2.0,0.0,2.0,1.0,1.0,0.0,2.0,1.0,1.0,0.0,0.0,0.0,0.0,3.0,0.0,0.0,0.0,0.0,0.0,0.0,0.0,0.0,2.0,0
1.0,1.0,1.0,1.0,15.0,3.0,4.0,8.0,2.0,1.0,0.0,0.0,1.0,0.0,1.0,1.0,19.0,4.0,5.0,2.0,3.0,10.0,4.0,2.0,2.0,1.0,1.0,1.0,1.0,1.0,0.0,2.0,1.0,1.0,1.0,1.0,0.0,0.0,2.0,0
1.0,1.0,1.0,1.0,5.0,0.0,5.0,0.0,2.0,1.0,0.0,0.0,8.0,0.0,8.0,10.0,54.0,7.0,44.0,19.0,34.0,3.0,38.0,18.0,29.0,2.0,2.0,2.0,1.0,2.0,1.0,0.07,9.0,9.0,9.0,8.0,0.0,0.0,2.0,0
0.0,0.0,0.0,0.0,0.0,0.0,0.0,0.0,2.0,0.0,0.0,0.0,0.0,0.0,0.0,3.0,3.0,0.0,2.0,2.0,1.0,1.0,2.0,2.0,1.0,0.0,0.0,0.0,0.0,2.0,0.0,0.5,0.0,0.0,0.0,0.0,0.0,0.0,2.0,0
0.0,0.0,0.0,0.0,0.0,0.0,0.0,0.0,2.0,0.0,0.0,0.0,0.0,0.0,0.0,3.0,5.0,0.0,4.0,4.0,3.0,1.0,4.0,4.0,3.0,0.0,0.0,0.0,0.0,2.0,0.0,0.25,0.0,0.0,0.0,0.0,0.0,0.0,2.0,0
0.0,0.0,0.0,0.0,0.0,0.0,0.0,0.0,2.0,0.0,0.0,0.0,0.0,0.0,0.0,3.0,5.0,0.0,4.0,4.0,3.0,1.0,4.0,4.0,3.0,0.0,0.0,0.0,0.0,2.0,0.0,0.25,0.0,0.0,0.0,0.0,0.0,0.0,2.0,0
0.0,0.0,0.0,0.0,0.0,0.0,0.0,0.0,2.0,0.0,0.0,0.0,0.0,0.0,0.0,1.0,5.0,0.0,4.0,4.0,3.0,1.0,4.0,4.0,3.0,0.0,0.0,0.0,0.0,2.0,0.0,0.25,0.0,0.0,0.0,0.0,0.0,0.0,2.0,0
0.0,0.0,0.0,0.0,0.0,0.0,0.0,0.0,2.0,0.0,0.0,0.0,0.0,0.0,0.0,5.0,5.0,0.0,4.0,4.0,3.0,1.0,4.0,4.0,3.0,0.0,0.0,0.0,0.0,2.0,0.0,0.25,0.0,0.0,0.0,0.0,0.0,0.0,2.0,0
0.0,0.0,0.0,0.0,0.0,0.0,0.0,0.0,2.0,0.0,0.0,2.0,0.0,0.0,0.0,0.0,1.0,0.0,1.0,1.0,1.0,0.0,2.0,1.0,1.0,0.0,0.0,0.0,0.0,2.0,0.0,0.0,0.0,0.0,0.0,0.0,0.0,0.0,2.0,0
0.0,0.0,0.0,0.0,0.0,0.0,0.0,0.0,2.0,0.0,0.0,1.0,0.0,0.0,0.0,0.0,1.0,0.0,1.0,1.0,1.0,0.0,2.0,1.0,1.0,0.0,0.0,0.0,0.0,2.0,0.0,0.0,0.0,0.0,0.0,0.0,0.0,0.0,2.0,0
0.0,0.0,0.0,0.0,0.0,0.0,0.0,0.0,2.0,0.0,0.0,0.0,0.0,0.0,0.0,4.0,3.0,0.0,2.0,2.0,1.0,1.0,2.0,2.0,1.0,0.0,0.0,0.0,0.0,2.0,0.0,0.5,0.0,0.0,0.0,0.0,0.0,0.0,2.0,0
0.0,0.0,0.0,0.0,0.0,0.0,0.0,0.0,2.0,0.0,0.0,0.0,0.0,0.0,0.0,4.0,4.0,0.0,3.0,3.0,2.0,1.0,3.0,3.0,2.0,0.0,0.0,0.0,0.0,2.0,0.0,0.33,0.0,0.0,0.0,0.0,0.0,0.0,2.0,0
0.0,0.0,0.0,0.0,0.0,0.0,0.0,0.0,2.0,0.0,0.0,0.0,0.0,0.0,0.0,4.0,4.0,0.0,3.0,3.0,2.0,1.0,3.0,3.0,2.0,0.0,0.0,0.0,0.0,2.0,0.0,0.33,0.0,0.0,0.0,0.0,0.0,0.0,2.0,0
0.0,0.0,0.0,0.0,0.0,0.0,0.0,0.0,2.0,0.0,0.0,0.0,0.0,0.0,0.0,4.0,4.0,0.0,3.0,3.0,2.0,1.0,3.0,3.0,2.0,0.0,0.0,0.0,0.0,2.0,0.0,0.33,0.0,0.0,0.0,0.0,0.0,0.0,2.0,0
0.0,0.0,0.0,0.0,0.0,0.0,0.0,0.0,2.0,0.0,0.0,0.0,0.0,0.0,0.0,4.0,4.0,0.0,3.0,3.0,2.0,1.0,3.0,3.0,2.0,0.0,0.0,0.0,0.0,2.0,0.0,0.33,0.0,0.0,0.0,0.0,0.0,0.0,2.0,0
0.0,0.0,0.0,0.0,0.0,0.0,0.0,0.0,2.0,0.0,0.0,0.0,0.0,0.0,0.0,4.0,4.0,0.0,3.0,3.0,2.0,1.0,3.0,3.0,2.0,0.0,0.0,0.0,0.0,2.0,0.0,0.33,0.0,0.0,0.0,0.0,0.0,0.0,2.0,0
0.0,0.0,0.0,0.0,0.0,0.0,0.0,0.0,2.0,0.0,0.0,0.0,0.0,0.0,0.0,4.0,4.0,0.0,3.0,3.0,2.0,1.0,3.0,3.0,2.0,0.0,0.0,0.0,0.0,2.0,0.0,0.33,0.0,0.0,0.0,0.0,0.0,0.0,2.0,0
0.0,0.0,0.0,0.0,0.0,0.0,0.0,0.0,2.0,0.0,0.0,0.0,0.0,0.0,0.0,4.0,4.0,0.0,3.0,3.0,2.0,1.0,3.0,3.0,2.0,0.0,0.0,0.0,0.0,2.0,0.0,0.33,0.0,0.0,0.0,0.0,0.0,0.0,2.0,0
0.0,0.0,0.0,0.0,0.0,0.0,0.0,0.0,2.0,0.0,0.0,0.0,0.0,0.0,0.0,3.0,4.0,0.0,3.0,3.0,2.0,1.0,3.0,3.0,2.0,0.0,0.0,0.0,0.0,1.0,0.0,0.33,0.0,0.0,0.0,0.0,0.0,0.0,2.0,0
0.0,0.0,0.0,0.0,0.0,0.0,0.0,0.0,2.0,0.0,0.0,0.0,0.0,0.0,0.0,3.0,4.0,0.0,3.0,3.0,2.0,1.0,3.0,3.0,2.0,0.0,0.0,0.0,0.0,1.0,0.0,0.33,0.0,0.0,0.0,0.0,0.0,0.0,2.0,0
0.0,0.0,0.0,0.0,0.0,0.0,0.0,0.0,2.0,0.0,0.0,0.0,0.0,0.0,0.0,3.0,4.0,0.0,3.0,3.0,2.0,1.0,3.0,3.0,2.0,0.0,0.0,0.0,0.0,1.0,0.0,0.33,0.0,0.0,0.0,0.0,0.0,0.0,2.0,0
1.0,1.0,1.0,1.0,14.0,0.0,12.0,2.0,2.0,6.0,0.0,0.0,9.0,0.0,9.0,17.0,148.0,15.0,112.0,48.0,99.0,21.0,105.0,42.0,94.0,4.0,4.0,4.0,3.0,2.0,4.0,0.19,18.0,18.0,18.0,12.0,0.0,0.0,2.0,0
3.0,3.0,3.0,1.0,10.0,0.0,9.0,0.0,2.0,2.0,0.0,0.0,6.0,0.0,6.0,15.0,70.0,7.0,62.0,36.0,55.0,1.0,61.0,33.0,54.0,4.0,4.0,4.0,1.0,2.0,4.0,0.02,20.0,20.0,20.0,6.0,0.0,0.0,2.0,0
1.0,1.0,1.0,1.0,7.0,0.0,6.0,0.0,2.0,1.0,1.0,0.0,3.0,0.0,3.0,5.0,28.0,3.0,24.0,11.0,18.0,1.0,23.0,11.0,17.0,2.0,2.0,2.0,1.0,2.0,1.0,0.04,5.0,5.0,5.0,4.0,0.0,0.0,2.0,0
1.0,1.0,1.0,1.0,5.0,0.0,5.0,0.0,2.0,0.0,0.0,0.0,2.0,0.0,2.0,4.0,14.0,1.0,13.0,8.0,9.0,0.0,13.0,8.0,9.0,2.0,2.0,2.0,1.0,2.0,1.0,0.0,4.0,4.0,4.0,3.0,0.0,0.0,2.0,0
1.0,1.0,1.0,1.0,10.0,1.0,9.0,0.0,2.0,0.0,0.0,0.0,2.0,0.0,2.0,4.0,22.0,3.0,19.0,8.0,15.0,0.0,17.0,8.0,13.0,2.0,2.0,2.0,1.0,2.0,1.0,0.0,4.0,4.0,4.0,3.0,0.0,0.0,2.0,0
1.0,1.0,1.0,1.0,4.0,0.0,4.0,1.0,2.0,0.0,0.0,0.0,1.0,0.0,1.0,3.0,5.0,0.0,5.0,4.0,3.0,1.0,5.0,4.0,3.0,1.0,1.0,1.0,1.0,2.0,0.0,0.2,1.0,1.0,1.0,1.0,0.0,0.0,2.0,0
4.0,4.0,5.0,1.0,23.0,0.0,23.0,0.0,2.0,0.0,0.0,0.0,1.0,0.0,1.0,3.0,24.0,0.0,24.0,7.0,22.0,0.0,22.0,7.0,20.0,4.0,4.0,5.0,1.0,2.0,2.0,0.0,4.0,4.0,5.0,1.0,0.0,0.0,2.0,0
1.0,1.0,1.0,1.0,11.0,0.0,9.0,1.0,2.0,1.0,0.0,0.0,4.0,0.0,4.0,6.0,58.0,7.0,44.0,18.0,38.0,7.0,40.0,18.0,34.0,2.0,2.0,2.0,1.0,2.0,1.0,0.16,6.0,6.0,6.0,5.0,0.0,0.0,2.0,0
1.0,1.0,1.0,1.0,4.0,0.0,4.0,0.0,2.0,0.0,0.0,0.0,3.0,0.0,3.0,99.0,18.0,3.0,15.0,8.0,11.0,0.0,15.0,8.0,11.0,1.0,1.0,1.0,1.0,2.0,0.0,0.0,3.0,3.0,3.0,3.0,0.0,0.0,2.0,0
1.0,1.0,1.0,1.0,10.0,1.0,8.0,1.0,2.0,0.0,0.0,1.0,6.0,1.0,6.0,14.0,77.0,17.0,51.0,27.0,42.0,9.0,51.0,27.0,42.0,3.0,3.0,3.0,1.0,2.0,1.0,0.18,12.0,12.0,12.0,8.0,0.0,0.0,2.0,0
1.0,1.0,1.0,1.0,7.0,0.0,6.0,1.0,2.0,3.0,0.0,0.0,7.0,1.0,7.0,15.0,62.0,8.0,47.0,16.0,39.0,7.0,41.0,15.0,33.0,3.0,3.0,3.0,1.0,2.0,1.0,0.15,9.0,9.0,9.0,7.0,0.0,0.0,2.0,0
4.0,4.0,4.0,2.0,16.0,1.0,10.0,4.0,2.0,10.0,5.0,1.0,15.0,0.0,15.0,81.0,299.0,40.0,169.0,44.0,156.0,93.0,152.0,43.0,136.0,13.0,13.0,16.0,9.0,3.0,4.0,0.55,66.0,66.0,71.0,40.0,0.0,0.0,2.0,0
2.0,2.0,2.0,2.0,10.0,1.0,5.0,4.0,2.0,3.0,2.0,0.0,2.0,0.0,2.0,38.0,27.0,4.0,11.0,3.0,8.0,12.0,11.0,3.0,8.0,3.0,3.0,3.0,3.0,3.0,1.0,1.09,4.0,4.0,4.0,4.0,0.0,0.0,2.0,0
1.0,1.0,1.0,1.0,2.0,0.0,2.0,0.0,2.0,0.0,0.0,0.0,2.0,0.0,2.0,92.0,8.0,0.0,6.0,3.0,3.0,2.0,6.0,3.0,3.0,1.0,1.0,1.0,1.0,4.0,0.0,0.33,2.0,2.0,2.0,2.0,0.0,0.0,2.0,0
1.0,1.0,1.0,1.0,4.0,0.0,3.0,1.0,2.0,0.0,0.0,0.0,5.0,0.0,5.0,24.0,39.0,6.0,16.0,6.0,10.0,17.0,12.0,6.0,6.0,2.0,2.0,4.0,1.0,3.0,0.0,1.06,6.0,6.0,9.0,5.0,0.0,0.0,2.0,0
0.0,0.0,0.0,0.0,0.0,0.0,0.0,0.0,2.0,0.0,0.0,0.0,0.0,0.0,0.0,113.0,2.0,0.0,2.0,1.0,1.0,0.0,2.0,1.0,1.0,0.0,0.0,0.0,0.0,5.0,0.0,0.0,0.0,0.0,0.0,0.0,0.0,0.0,2.0,0
0.0,0.0,0.0,0.0,0.0,0.0,0.0,0.0,2.0,0.0,0.0,0.0,0.0,0.0,0.0,9.0,2.0,0.0,2.0,1.0,1.0,0.0,2.0,1.0,1.0,0.0,0.0,0.0,0.0,4.0,0.0,0.0,0.0,0.0,0.0,0.0,0.0,0.0,2.0,0
0.0,0.0,0.0,0.0,0.0,0.0,0.0,0.0,2.0,0.0,0.0,0.0,0.0,0.0,0.0,10.0,2.0,0.0,2.0,1.0,1.0,0.0,2.0,1.0,1.0,0.0,0.0,0.0,0.0,5.0,0.0,0.0,0.0,0.0,0.0,0.0,0.0,0.0,2.0,0
1.0,1.0,1.0,1.0,4.0,0.0,3.0,1.0,2.0,1.0,0.0,1.0,6.0,0.0,6.0,29.0,35.0,1.0,24.0,8.0,16.0,10.0,18.0,7.0,11.0,3.0,3.0,4.0,3.0,3.0,1.0,0.42,8.0,8.0,9.0,8.0,0.0,0.0,2.0,0
1.0,1.0,1.0,1.0,7.0,0.0,3.0,3.0,2.0,1.0,0.0,3.0,5.0,2.0,5.0,19.0,45.0,5.0,20.0,9.0,14.0,20.0,17.0,9.0,11.0,2.0,2.0,2.0,1.0,3.0,1.0,1.0,7.0,7.0,7.0,5.0,0.0,0.0,2.0,0
1.0,1.0,2.0,1.0,6.0,0.0,5.0,0.0,2.0,1.0,1.0,0.0,4.0,2.0,4.0,8.0,35.0,6.0,21.0,9.0,16.0,8.0,19.0,9.0,14.0,4.0,4.0,5.0,3.0,2.0,1.0,0.38,7.0,7.0,8.0,6.0,0.0,0.0,2.0,0
2.0,2.0,2.0,1.0,15.0,1.0,6.0,7.0,2.0,1.0,1.0,0.0,2.0,0.0,2.0,22.0,37.0,3.0,14.0,3.0,11.0,20.0,12.0,3.0,9.0,3.0,3.0,3.0,1.0,4.0,1.0,1.43,5.0,5.0,5.0,2.0,0.0,0.0,2.0,0
2.0,2.0,2.0,1.0,13.0,1.0,7.0,5.0,2.0,2.0,2.0,0.0,5.0,1.0,5.0,12.0,77.0,13.0,38.0,16.0,32.0,27.0,36.0,16.0,30.0,6.0,6.0,6.0,3.0,2.0,2.0,0.71,12.0,12.0,12.0,7.0,0.0,0.0,2.0,0
3.0,3.0,3.0,1.0,13.0,2.0,9.0,2.0,2.0,4.0,1.0,0.0,3.0,0.0,3.0,38.0,42.0,8.0,28.0,16.0,24.0,6.0,26.0,16.0,22.0,5.0,5.0,5.0,3.0,3.0,2.0,0.21,10.0,10.0,10.0,5.0,0.0,0.0,2.0,0
3.0,3.0,4.0,1.0,14.0,0.0,12.0,1.0,2.0,13.0,9.0,0.0,13.0,3.0,13.0,63.0,204.0,21.0,165.0,51.0,151.0,19.0,126.0,51.0,112.0,8.0,8.0,12.0,6.0,3.0,5.0,0.12,49.0,49.0,55.0,22.0,0.0,0.0,2.0,0
0.0,0.0,0.0,0.0,0.0,0.0,0.0,0.0,2.0,0.0,0.0,1.0,0.0,0.0,0.0,68.0,2.0,0.0,2.0,1.0,1.0,0.0,2.0,1.0,1.0,0.0,0.0,0.0,0.0,5.0,0.0,0.0,0.0,0.0,0.0,0.0,0.0,0.0,2.0,0
0.0,0.0,0.0,0.0,0.0,0.0,0.0,0.0,2.0,0.0,0.0,0.0,0.0,0.0,0.0,68.0,2.0,0.0,2.0,1.0,1.0,0.0,2.0,1.0,1.0,0.0,0.0,0.0,0.0,6.0,0.0,0.0,0.0,0.0,0.0,0.0,0.0,0.0,2.0,0
1.0,1.0,1.0,1.0,7.0,0.0,6.0,1.0,2.0,1.0,1.0,0.0,3.0,0.0,3.0,65.0,25.0,2.0,19.0,9.0,15.0,4.0,15.0,9.0,11.0,2.0,2.0,2.0,1.0,5.0,1.0,0.21,4.0,4.0,4.0,3.0,0.0,0.0,2.0,0
0.0,0.0,0.0,0.0,0.0,0.0,0.0,0.0,2.0,0.0,0.0,2.0,0.0,0.0,0.0,63.0,2.0,0.0,2.0,1.0,1.0,0.0,2.0,1.0,1.0,0.0,0.0,0.0,0.0,5.0,0.0,0.0,0.0,0.0,0.0,0.0,0.0,0.0,2.0,0
1.0,1.0,1.0,1.0,3.0,0.0,3.0,0.0,2.0,0.0,0.0,0.0,2.0,0.0,2.0,67.0,8.0,1.0,7.0,3.0,4.0,0.0,7.0,3.0,4.0,2.0,2.0,2.0,1.0,6.0,1.0,0.0,3.0,3.0,3.0,2.0,0.0,0.0,2.0,0
1.0,1.0,1.0,1.0,2.0,0.0,2.0,0.0,2.0,0.0,0.0,0.0,1.0,0.0,1.0,65.0,3.0,0.0,3.0,2.0,1.0,0.0,3.0,2.0,1.0,1.0,1.0,1.0,1.0,5.0,0.0,0.0,1.0,1.0,1.0,1.0,0.0,0.0,2.0,0
1.0,1.0,1.0,1.0,5.0,0.0,5.0,0.0,2.0,1.0,0.0,0.0,3.0,0.0,3.0,68.0,20.0,2.0,17.0,9.0,13.0,1.0,14.0,9.0,10.0,2.0,2.0,2.0,1.0,4.0,0.0,0.06,4.0,4.0,4.0,3.0,0.0,0.0,2.0,0
1.0,1.0,1.0,1.0,3.0,0.0,3.0,0.0,2.0,0.0,0.0,0.0,1.0,0.0,1.0,20.0,15.0,3.0,4.0,2.0,2.0,8.0,4.0,2.0,2.0,1.0,1.0,1.0,1.0,3.0,0.0,2.0,1.0,1.0,1.0,1.0,0.0,0.0,2.0,0
2.0,2.0,3.0,1.0,13.0,2.0,7.0,4.0,2.0,2.0,1.0,2.0,6.0,3.0,6.0,15.0,129.0,28.0,44.0,22.0,34.0,57.0,41.0,19.0,34.0,5.0,5.0,7.0,1.0,3.0,2.0,1.3,15.0,15.0,18.0,6.0,0.0,0.0,2.0,0
0.0,0.0,0.0,0.0,0.0,0.0,0.0,0.0,2.0,0.0,0.0,0.0,0.0,0.0,0.0,5.0,2.0,0.0,2.0,1.0,1.0,0.0,2.0,1.0,1.0,0.0,0.0,0.0,0.0,2.0,0.0,0.0,0.0,0.0,0.0,0.0,0.0,0.0,2.0,0
3.0,3.0,4.0,2.0,20.0,2.0,10.0,7.0,2.0,9.0,3.0,0.0,17.0,2.0,17.0,25.0,388.0,56.0,184.0,55.0,165.0,150.0,157.0,52.0,139.0,11.0,11.0,18.0,11.0,2.0,3.0,0.82,59.0,59.0,71.0,34.0,0.0,0.0,2.0,0
1.0,1.0,1.0,1.0,5.0,0.0,3.0,1.0,2.0,1.0,0.0,0.0,3.0,2.0,3.0,3.0,49.0,11.0,21.0,13.0,13.0,17.0,21.0,13.0,13.0,3.0,3.0,3.0,1.0,1.0,2.0,0.81,8.0,8.0,8.0,6.0,0.0,0.0,2.0,0
5.0,5.0,5.0,1.0,24.0,2.0,22.0,0.0,2.0,0.0,0.0,0.0,1.0,1.0,1.0,72.0,31.0,3.0,28.0,15.0,19.0,0.0,21.0,8.0,19.0,5.0,5.0,5.0,1.0,2.0,1.0,0.0,5.0,5.0,5.0,1.0,0.0,0.0,2.0,0
2.0,2.0,2.0,1.0,11.0,0.0,8.0,3.0,2.0,1.0,0.0,1.0,1.0,0.0,1.0,14.0,12.0,0.0,9.0,3.0,7.0,3.0,7.0,3.0,5.0,2.0,2.0,2.0,1.0,2.0,1.0,0.33,2.0,2.0,2.0,1.0,0.0,0.0,2.0,0
0.0,0.0,0.0,0.0,0.0,0.0,0.0,0.0,2.0,0.0,0.0,0.0,0.0,0.0,0.0,14.0,2.0,0.0,2.0,1.0,1.0,0.0,2.0,1.0,1.0,0.0,0.0,0.0,0.0,3.0,0.0,0.0,0.0,0.0,0.0,0.0,0.0,0.0,2.0,0
1.0,1.0,1.0,1.0,7.0,0.0,5.0,2.0,2.0,0.0,0.0,0.0,1.0,0.0,1.0,15.0,8.0,0.0,6.0,2.0,4.0,2.0,3.0,2.0,1.0,1.0,1.0,1.0,1.0,2.0,0.0,0.33,1.0,1.0,1.0,1.0,0.0,0.0,2.0,0
1.0,1.0,1.0,1.0,6.0,0.0,6.0,0.0,2.0,1.0,0.0,0.0,1.0,0.0,1.0,15.0,7.0,0.0,7.0,2.0,5.0,0.0,3.0,2.0,1.0,1.0,1.0,1.0,1.0,2.0,0.0,0.0,1.0,1.0,1.0,1.0,0.0,0.0,2.0,0
2.0,2.0,2.0,1.0,13.0,1.0,9.0,3.0,2.0,18.0,7.0,6.0,41.0,20.0,43.0,128.0,700.0,109.0,405.0,119.0,341.0,194.0,342.0,100.0,297.0,11.0,11.0,18.0,11.0,2.0,6.0,0.48,108.0,108.0,121.0,65.0,0.0,0.0,2.0,0
2.0,2.0,3.0,1.0,18.0,2.0,11.0,5.0,2.0,11.0,3.0,2.0,23.0,13.0,24.0,109.0,502.0,85.0,295.0,112.0,259.0,126.0,238.0,101.0,213.0,12.0,12.0,16.0,4.0,2.0,4.0,0.43,59.0,59.0,72.0,31.0,0.0,0.0,2.0,0
2.0,2.0,2.0,1.0,11.0,1.0,8.0,1.0,2.0,1.0,0.0,0.0,9.0,6.0,9.0,94.0,114.0,18.0,83.0,39.0,65.0,13.0,70.0,31.0,60.0,5.0,5.0,7.0,1.0,2.0,1.0,0.16,18.0,18.0,23.0,9.0,0.0,0.0,2.0,0
2.0,2.0,3.0,1.0,27.0,4.0,13.0,9.0,2.0,6.0,6.0,0.0,13.0,7.0,13.0,176.0,389.0,72.0,183.0,71.0,157.0,134.0,148.0,58.0,134.0,8.0,8.0,10.0,6.0,3.0,5.0,0.73,38.0,38.0,44.0,20.0,0.0,0.0,2.0,0
2.0,2.0,2.0,1.0,11.0,1.0,9.0,0.0,2.0,8.0,4.0,2.0,12.0,4.0,12.0,41.0,149.0,26.0,114.0,45.0,101.0,9.0,110.0,44.0,97.0,5.0,5.0,5.0,4.0,2.0,2.0,0.08,25.0,25.0,25.0,17.0,0.0,0.0,2.0,0
1.0,1.0,1.0,1.0,11.0,1.0,9.0,0.0,2.0,9.0,3.0,0.0,11.0,3.0,11.0,40.0,133.0,21.0,102.0,37.0,90.0,10.0,98.0,36.0,86.0,4.0,4.0,4.0,3.0,2.0,2.0,0.1,19.0,19.0,19.0,15.0,0.0,0.0,2.0,0
2.0,2.0,2.0,1.0,9.0,0.0,8.0,0.0,2.0,0.0,0.0,0.0,7.0,3.0,7.0,16.0,74.0,11.0,63.0,20.0,54.0,0.0,61.0,19.0,53.0,5.0,5.0,5.0,1.0,2.0,3.0,0.0,18.0,18.0,18.0,7.0,0.0,0.0,2.0,0
1.0,1.0,1.0,1.0,3.0,0.0,3.0,0.0,2.0,0.0,0.0,0.0,2.0,1.0,2.0,5.0,9.0,1.0,8.0,4.0,5.0,0.0,8.0,4.0,5.0,1.0,1.0,1.0,1.0,2.0,0.0,0.0,2.0,2.0,2.0,2.0,0.0,0.0,2.0,0
2.0,2.0,2.0,1.0,11.0,1.0,9.0,0.0,2.0,1.0,0.0,0.0,6.0,1.0,6.0,81.0,76.0,14.0,57.0,27.0,49.0,5.0,48.0,26.0,41.0,7.0,7.0,7.0,3.0,3.0,2.0,0.09,13.0,13.0,13.0,8.0,0.0,0.0,2.0,0
3.0,3.0,3.0,1.0,12.0,1.0,10.0,1.0,2.0,2.0,0.0,0.0,4.0,1.0,4.0,84.0,57.0,10.0,44.0,18.0,39.0,4.0,49.0,18.0,44.0,6.0,6.0,7.0,3.0,3.0,1.0,0.09,14.0,14.0,15.0,6.0,0.0,0.0,2.0,0
1.0,1.0,1.0,1.0,5.0,0.0,3.0,1.0,2.0,2.0,2.0,0.0,10.0,1.0,10.0,53.0,82.0,16.0,42.0,18.0,31.0,24.0,42.0,18.0,31.0,1.0,1.0,1.0,1.0,2.0,0.0,0.57,10.0,10.0,10.0,10.0,0.0,0.0,2.0,0
1.0,1.0,1.0,1.0,3.0,0.0,3.0,0.0,2.0,4.0,3.0,0.0,9.0,0.0,9.0,38.0,37.0,9.0,28.0,15.0,18.0,1.0,27.0,15.0,17.0,2.0,2.0,2.0,1.0,2.0,1.0,0.04,10.0,10.0,10.0,9.0,0.0,0.0,2.0,0
2.0,2.0,2.0,1.0,11.0,0.0,10.0,0.0,2.0,6.0,1.0,0.0,13.0,8.0,13.0,42.0,169.0,24.0,136.0,52.0,122.0,9.0,117.0,51.0,103.0,8.0,8.0,8.0,3.0,2.0,4.0,0.07,33.0,33.0,33.0,15.0,0.0,0.0,2.0,0
1.0,1.0,1.0,1.0,10.0,0.0,8.0,1.0,2.0,10.0,5.0,0.0,13.0,9.0,13.0,42.0,154.0,23.0,106.0,48.0,91.0,26.0,96.0,47.0,81.0,4.0,4.0,5.0,1.0,2.0,3.0,0.25,21.0,21.0,22.0,13.0,0.0,0.0,2.0,0
1.0,1.0,1.0,1.0,6.0,0.0,6.0,0.0,2.0,1.0,0.0,0.0,2.0,2.0,2.0,5.0,15.0,1.0,14.0,7.0,11.0,0.0,12.0,7.0,9.0,1.0,1.0,1.0,1.0,2.0,0.0,0.0,2.0,2.0,2.0,2.0,0.0,0.0,2.0,0
1.0,1.0,1.0,1.0,9.0,0.0,7.0,0.0,2.0,6.0,3.0,1.0,16.0,6.0,16.0,45.0,167.0,30.0,123.0,49.0,106.0,15.0,112.0,48.0,95.0,5.0,5.0,6.0,3.0,2.0,2.0,0.12,30.0,30.0,31.0,18.0,0.0,0.0,2.0,0
0.0,0.0,0.0,0.0,0.0,0.0,0.0,0.0,2.0,0.0,0.0,0.0,0.0,0.0,0.0,0.0,2.0,0.0,2.0,1.0,1.0,0.0,2.0,1.0,1.0,0.0,0.0,0.0,0.0,1.0,0.0,0.0,0.0,0.0,0.0,0.0,0.0,0.0,2.0,0
1.0,1.0,1.0,1.0,2.0,0.0,2.0,0.0,2.0,0.0,0.0,2.0,1.0,0.0,1.0,1.0,3.0,0.0,3.0,2.0,1.0,0.0,3.0,2.0,1.0,1.0,1.0,1.0,1.0,1.0,0.0,0.0,1.0,1.0,1.0,1.0,0.0,0.0,2.0,0
1.0,1.0,1.0,1.0,6.0,0.0,5.0,0.0,2.0,2.0,0.0,0.0,2.0,3.0,2.0,5.0,14.0,2.0,12.0,7.0,9.0,0.0,12.0,7.0,9.0,2.0,2.0,2.0,1.0,2.0,1.0,0.0,3.0,3.0,3.0,2.0,0.0,0.0,2.0,0
3.0,3.0,3.0,1.0,18.0,3.0,11.0,4.0,2.0,1.0,0.0,0.0,9.0,4.0,9.0,190.0,210.0,50.0,115.0,36.0,105.0,50.0,95.0,35.0,85.0,16.0,16.0,16.0,4.0,5.0,2.0,0.43,32.0,32.0,32.0,14.0,0.0,0.0,2.0,0
1.0,1.0,1.0,1.0,3.0,0.0,3.0,0.0,2.0,1.0,0.0,0.0,3.0,0.0,3.0,22.0,13.0,2.0,11.0,5.0,7.0,0.0,11.0,5.0,7.0,1.0,1.0,1.0,1.0,4.0,0.0,0.0,3.0,3.0,3.0,3.0,0.0,0.0,2.0,0
1.0,1.0,1.0,1.0,3.0,0.0,3.0,0.0,2.0,1.0,0.0,0.0,3.0,1.0,3.0,22.0,13.0,2.0,11.0,6.0,7.0,1.0,11.0,5.0,7.0,1.0,1.0,1.0,1.0,4.0,0.0,0.09,3.0,3.0,3.0,3.0,0.0,0.0,2.0,0
1.0,1.0,1.0,1.0,7.0,0.0,6.0,1.0,2.0,0.0,0.0,0.0,3.0,0.0,3.0,102.0,63.0,8.0,50.0,17.0,45.0,9.0,23.0,16.0,19.0,2.0,2.0,2.0,1.0,3.0,1.0,0.18,5.0,5.0,5.0,3.0,0.0,0.0,2.0,0
1.0,1.0,1.0,1.0,2.0,0.0,2.0,0.0,2.0,0.0,0.0,0.0,1.0,0.0,2.0,18.0,24.0,3.0,18.0,16.0,12.0,3.0,16.0,14.0,12.0,1.0,1.0,1.0,1.0,2.0,0.0,0.17,2.0,2.0,2.0,2.0,0.0,0.0,2.0,0
0.0,0.0,0.0,0.0,0.0,0.0,0.0,0.0,2.0,0.0,0.0,0.0,0.0,0.0,0.0,15.0,4.0,0.0,4.0,4.0,3.0,0.0,4.0,4.0,3.0,0.0,0.0,0.0,0.0,3.0,0.0,0.0,0.0,0.0,0.0,0.0,0.0,0.0,2.0,0
2.0,2.0,2.0,1.0,12.0,0.0,8.0,3.0,2.0,12.0,5.0,1.0,19.0,37.0,19.0,119.0,308.0,33.0,206.0,93.0,185.0,71.0,150.0,91.0,130.0,7.0,7.0,10.0,6.0,3.0,3.0,0.34,38.0,38.0,42.0,28.0,0.0,0.0,2.0,0
2.0,2.0,2.0,1.0,5.0,0.0,5.0,0.0,2.0,1.0,1.0,0.0,1.0,0.0,1.0,17.0,21.0,2.0,16.0,13.0,11.0,3.0,15.0,12.0,11.0,2.0,2.0,2.0,1.0,2.0,1.0,0.19,2.0,2.0,2.0,1.0,0.0,0.0,2.0,0
2.0,2.0,2.0,1.0,12.0,0.0,6.0,4.0,2.0,6.0,2.0,7.0,18.0,9.0,18.0,81.0,250.0,38.0,126.0,39.0,106.0,87.0,107.0,38.0,88.0,7.0,7.0,8.0,6.0,3.0,3.0,0.69,42.0,42.0,49.0,25.0,0.0,0.0,2.0,0
1.0,1.0,1.0,1.0,2.0,0.0,2.0,0.0,2.0,0.0,0.0,0.0,1.0,0.0,1.0,64.0,7.0,2.0,4.0,3.0,2.0,1.0,4.0,3.0,2.0,1.0,1.0,1.0,1.0,3.0,0.0,0.25,1.0,1.0,1.0,1.0,0.0,0.0,2.0,0
4.0,4.0,4.0,1.0,12.0,0.0,11.0,2.0,2.0,6.0,3.0,0.0,2.0,1.0,2.0,62.0,30.0,2.0,25.0,11.0,22.0,5.0,22.0,11.0,19.0,6.0,6.0,7.0,1.0,6.0,3.0,0.2,8.0,8.0,9.0,2.0,0.0,0.0,2.0,0
2.0,2.0,2.0,1.0,5.0,0.0,5.0,0.0,2.0,1.0,0.0,0.0,1.0,1.0,1.0,60.0,8.0,1.0,7.0,5.0,5.0,0.0,7.0,5.0,5.0,2.0,2.0,2.0,1.0,5.0,1.0,0.0,2.0,2.0,2.0,1.0,0.0,0.0,2.0,0
3.0,3.0,3.0,3.0,18.0,0.0,17.0,1.0,2.0,2.0,0.0,0.0,1.0,0.0,1.0,60.0,19.0,0.0,18.0,4.0,16.0,1.0,10.0,4.0,8.0,3.0,3.0,3.0,3.0,5.0,1.0,0.06,3.0,3.0,3.0,3.0,0.0,0.0,2.0,0
0.0,0.0,0.0,0.0,0.0,0.0,0.0,0.0,2.0,0.0,0.0,0.0,0.0,0.0,0.0,14.0,8.0,0.0,2.0,2.0,1.0,6.0,2.0,2.0,1.0,0.0,0.0,0.0,0.0,4.0,0.0,3.0,0.0,0.0,0.0,0.0,0.0,0.0,2.0,0
2.0,2.0,2.0,1.0,9.0,0.0,6.0,2.0,2.0,9.0,3.0,1.0,14.0,1.0,14.0,123.0,154.0,23.0,97.0,42.0,76.0,37.0,82.0,36.0,67.0,12.0,12.0,13.0,8.0,3.0,3.0,0.38,31.0,31.0,32.0,21.0,0.0,0.0,2.0,0
0.0,0.0,0.0,0.0,0.0,0.0,0.0,0.0,2.0,0.0,0.0,0.0,0.0,0.0,0.0,41.0,6.0,0.0,2.0,1.0,1.0,4.0,2.0,1.0,1.0,0.0,0.0,0.0,0.0,4.0,0.0,2.0,0.0,0.0,0.0,0.0,0.0,0.0,2.0,0
2.0,2.0,2.0,1.0,12.0,0.0,9.0,2.0,2.0,0.0,0.0,0.0,2.0,2.0,2.0,4.0,27.0,2.0,20.0,6.0,17.0,5.0,17.0,6.0,14.0,4.0,4.0,4.0,1.0,1.0,2.0,0.25,5.0,5.0,5.0,2.0,0.0,0.0,2.0,0
1.0,1.0,1.0,1.0,4.0,0.0,4.0,0.0,2.0,1.0,0.0,0.0,3.0,1.0,3.0,3.0,20.0,4.0,14.0,6.0,10.0,2.0,13.0,6.0,9.0,2.0,2.0,2.0,1.0,1.0,1.0,0.14,5.0,5.0,5.0,3.0,0.0,0.0,2.0,0
0.0,0.0,0.0,0.0,0.0,0.0,0.0,0.0,2.0,0.0,0.0,0.0,0.0,0.0,0.0,28.0,2.0,0.0,2.0,1.0,1.0,0.0,2.0,1.0,1.0,0.0,0.0,0.0,0.0,3.0,0.0,0.0,0.0,0.0,0.0,0.0,0.0,0.0,2.0,0
0.0,0.0,0.0,0.0,0.0,0.0,0.0,0.0,2.0,0.0,0.0,0.0,0.0,0.0,0.0,30.0,2.0,0.0,2.0,1.0,1.0,0.0,2.0,1.0,1.0,0.0,0.0,0.0,0.0,3.0,0.0,0.0,0.0,0.0,0.0,0.0,0.0,0.0,2.0,0
0.0,0.0,0.0,0.0,0.0,0.0,0.0,0.0,2.0,0.0,0.0,0.0,0.0,0.0,0.0,28.0,2.0,0.0,2.0,1.0,1.0,0.0,2.0,1.0,1.0,0.0,0.0,0.0,0.0,3.0,0.0,0.0,0.0,0.0,0.0,0.0,0.0,0.0,2.0,0
0.0,0.0,0.0,0.0,0.0,0.0,0.0,0.0,2.0,0.0,0.0,0.0,0.0,0.0,0.0,28.0,2.0,0.0,2.0,1.0,1.0,0.0,2.0,1.0,1.0,0.0,0.0,0.0,0.0,3.0,0.0,0.0,0.0,0.0,0.0,0.0,0.0,0.0,2.0,0
0.0,0.0,0.0,0.0,0.0,0.0,0.0,0.0,2.0,0.0,0.0,0.0,0.0,0.0,0.0,28.0,2.0,0.0,2.0,1.0,1.0,0.0,2.0,1.0,1.0,0.0,0.0,0.0,0.0,3.0,0.0,0.0,0.0,0.0,0.0,0.0,0.0,0.0,2.0,0
2.0,2.0,2.0,1.0,5.0,0.0,4.0,1.0,2.0,1.0,0.0,1.0,1.0,0.0,1.0,39.0,6.0,0.0,5.0,2.0,3.0,1.0,5.0,2.0,3.0,2.0,2.0,2.0,1.0,4.0,1.0,0.2,2.0,2.0,2.0,1.0,0.0,0.0,2.0,0
0.0,0.0,0.0,0.0,0.0,0.0,0.0,0.0,2.0,0.0,0.0,0.0,0.0,0.0,0.0,22.0,2.0,0.0,2.0,1.0,1.0,0.0,2.0,1.0,1.0,0.0,0.0,0.0,0.0,5.0,0.0,0.0,0.0,0.0,0.0,0.0,0.0,0.0,2.0,0
0.0,0.0,0.0,0.0,0.0,0.0,0.0,0.0,2.0,0.0,0.0,0.0,0.0,0.0,0.0,22.0,2.0,0.0,2.0,1.0,1.0,0.0,2.0,1.0,1.0,0.0,0.0,0.0,0.0,5.0,0.0,0.0,0.0,0.0,0.0,0.0,0.0,0.0,2.0,0
2.0,2.0,3.0,1.0,11.0,0.0,9.0,1.0,2.0,7.0,2.0,1.0,11.0,3.0,11.0,76.0,141.0,16.0,114.0,29.0,101.0,11.0,83.0,27.0,71.0,7.0,7.0,8.0,6.0,3.0,2.0,0.1,31.0,31.0,36.0,20.0,0.0,0.0,2.0,0
1.0,1.0,1.0,1.0,4.0,0.0,3.0,0.0,2.0,2.0,1.0,2.0,13.0,1.0,13.0,47.0,70.0,14.0,48.0,20.0,34.0,8.0,40.0,20.0,26.0,3.0,3.0,4.0,1.0,2.0,1.0,0.17,18.0,18.0,19.0,13.0,0.0,0.0,2.0,0
0.0,0.0,0.0,0.0,0.0,0.0,0.0,0.0,2.0,0.0,0.0,0.0,0.0,0.0,0.0,19.0,3.0,0.0,3.0,3.0,2.0,0.0,3.0,3.0,2.0,0.0,0.0,0.0,0.0,4.0,0.0,0.0,0.0,0.0,0.0,0.0,0.0,0.0,2.0,0
0.0,0.0,0.0,0.0,0.0,0.0,0.0,0.0,2.0,0.0,0.0,0.0,0.0,0.0,0.0,52.0,2.0,0.0,2.0,1.0,1.0,0.0,2.0,1.0,1.0,0.0,0.0,0.0,0.0,3.0,0.0,0.0,0.0,0.0,0.0,0.0,0.0,0.0,2.0,0
0.0,0.0,0.0,0.0,0.0,0.0,0.0,0.0,2.0,0.0,0.0,0.0,0.0,0.0,0.0,0.0,5.0,0.0,2.0,1.0,1.0,3.0,2.0,1.0,1.0,0.0,0.0,0.0,0.0,2.0,0.0,1.5,0.0,0.0,0.0,0.0,0.0,0.0,2.0,0
2.0,2.0,2.0,2.0,11.0,0.0,7.0,4.0,2.0,2.0,1.0,0.0,2.0,0.0,2.0,3.0,31.0,2.0,16.0,7.0,13.0,13.0,14.0,7.0,11.0,3.0,3.0,3.0,3.0,2.0,1.0,0.81,5.0,5.0,5.0,4.0,0.0,0.0,2.0,0
2.0,2.0,2.0,1.0,10.0,0.0,6.0,4.0,2.0,2.0,1.0,0.0,2.0,0.0,2.0,3.0,29.0,2.0,14.0,7.0,11.0,13.0,13.0,7.0,10.0,2.0,2.0,2.0,1.0,2.0,1.0,0.93,4.0,4.0,4.0,2.0,0.0,0.0,2.0,0
1.0,1.0,1.0,1.0,17.0,2.0,10.0,4.0,2.0,0.0,0.0,1.0,2.0,0.0,2.0,35.0,43.0,7.0,24.0,13.0,21.0,12.0,17.0,13.0,14.0,2.0,2.0,2.0,1.0,4.0,1.0,0.5,3.0,3.0,3.0,2.0,0.0,0.0,2.0,0
0.0,0.0,0.0,0.0,0.0,0.0,0.0,0.0,2.0,0.0,0.0,2.0,0.0,0.0,0.0,43.0,5.0,0.0,2.0,2.0,1.0,3.0,2.0,2.0,1.0,0.0,0.0,0.0,0.0,5.0,0.0,1.5,0.0,0.0,0.0,0.0,0.0,0.0,2.0,0
0.0,0.0,0.0,0.0,0.0,0.0,0.0,0.0,2.0,0.0,0.0,2.0,0.0,0.0,0.0,40.0,6.0,0.0,2.0,2.0,1.0,4.0,2.0,2.0,1.0,0.0,0.0,0.0,0.0,5.0,0.0,2.0,0.0,0.0,0.0,0.0,0.0,0.0,2.0,0
0.0,0.0,0.0,0.0,0.0,0.0,0.0,0.0,2.0,0.0,0.0,6.0,0.0,0.0,0.0,16.0,7.0,1.0,1.0,1.0,0.0,5.0,1.0,1.0,0.0,0.0,0.0,0.0,0.0,4.0,0.0,5.0,0.0,0.0,0.0,0.0,0.0,0.0,2.0,0
0.0,0.0,0.0,0.0,0.0,0.0,0.0,0.0,2.0,0.0,0.0,1.0,0.0,0.0,0.0,18.0,4.0,0.0,1.0,1.0,0.0,3.0,1.0,1.0,0.0,0.0,0.0,0.0,0.0,3.0,0.0,3.0,0.0,0.0,0.0,0.0,0.0,0.0,2.0,0
1.0,1.0,1.0,1.0,3.0,0.0,3.0,0.0,2.0,1.0,0.0,1.0,2.0,1.0,2.0,30.0,13.0,2.0,7.0,4.0,4.0,4.0,7.0,4.0,4.0,1.0,1.0,1.0,1.0,4.0,0.0,0.57,2.0,2.0,2.0,2.0,0.0,0.0,2.0,0
1.0,1.0,1.0,1.0,3.0,0.0,3.0,0.0,2.0,1.0,0.0,1.0,2.0,1.0,2.0,30.0,13.0,2.0,7.0,4.0,4.0,4.0,7.0,4.0,4.0,1.0,1.0,1.0,1.0,4.0,0.0,0.57,2.0,2.0,2.0,2.0,0.0,0.0,2.0,0
0.0,0.0,0.0,0.0,0.0,0.0,0.0,0.0,2.0,0.0,0.0,1.0,0.0,0.0,0.0,16.0,6.0,1.0,1.0,1.0,0.0,4.0,1.0,1.0,0.0,0.0,0.0,0.0,0.0,4.0,0.0,4.0,0.0,0.0,0.0,0.0,0.0,0.0,2.0,0
4.0,4.0,5.0,3.0,18.0,1.0,14.0,3.0,2.0,1.0,1.0,1.0,1.0,1.0,1.0,17.0,22.0,1.0,15.0,6.0,13.0,6.0,12.0,6.0,10.0,4.0,4.0,5.0,3.0,3.0,2.0,0.4,4.0,4.0,5.0,3.0,0.0,0.0,2.0,0
0.0,0.0,0.0,0.0,0.0,0.0,0.0,0.0,2.0,0.0,0.0,4.0,0.0,0.0,0.0,20.0,5.0,0.0,1.0,1.0,0.0,4.0,1.0,1.0,0.0,0.0,0.0,0.0,0.0,4.0,0.0,4.0,0.0,0.0,0.0,0.0,0.0,0.0,2.0,0
1.0,1.0,1.0,1.0,6.0,0.0,5.0,0.0,2.0,0.0,0.0,0.0,11.0,0.0,11.0,12.0,82.0,11.0,66.0,22.0,54.0,5.0,45.0,22.0,33.0,1.0,1.0,1.0,1.0,2.0,1.0,0.08,11.0,11.0,11.0,11.0,0.0,0.0,2.0,0
1.0,1.0,1.0,1.0,16.0,1.0,12.0,3.0,2.0,2.0,2.0,0.0,7.0,1.0,7.0,8.0,129.0,16.0,88.0,23.0,80.0,25.0,54.0,23.0,46.0,1.0,1.0,1.0,1.0,2.0,1.0,0.28,7.0,7.0,7.0,7.0,0.0,0.0,2.0,0
1.0,1.0,1.0,1.0,6.0,0.0,6.0,0.0,1.0,6.0,6.0,0.0,4.0,0.0,4.0,5.0,30.0,4.0,26.0,15.0,21.0,0.0,26.0,15.0,21.0,1.0,1.0,1.0,1.0,2.0,0.0,0.0,4.0,4.0,4.0,4.0,0.0,0.0,2.0,0
1.0,1.0,1.0,1.0,12.0,1.0,10.0,1.0,2.0,0.0,0.0,0.0,15.0,0.0,15.0,64.0,212.0,31.0,160.0,83.0,144.0,23.0,151.0,79.0,135.0,2.0,2.0,2.0,1.0,4.0,2.0,0.14,17.0,17.0,17.0,15.0,0.0,0.0,2.0,0
1.0,1.0,1.0,1.0,2.0,0.0,2.0,0.0,1.0,0.0,0.0,0.0,2.0,0.0,2.0,3.0,8.0,2.0,6.0,4.0,3.0,0.0,6.0,4.0,3.0,1.0,1.0,1.0,1.0,2.0,0.0,0.0,2.0,2.0,2.0,2.0,0.0,0.0,2.0,0
1.0,1.0,1.0,1.0,15.0,0.0,14.0,1.0,1.0,4.0,3.0,0.0,2.0,0.0,3.0,4.0,51.0,3.0,45.0,8.0,40.0,3.0,16.0,7.0,12.0,1.0,1.0,1.0,1.0,2.0,0.0,0.07,3.0,3.0,3.0,3.0,0.0,0.0,2.0,0
3.0,3.0,3.0,1.0,51.0,11.0,24.0,16.0,2.0,3.0,1.0,2.0,1.0,0.0,1.0,55.0,55.0,12.0,27.0,13.0,25.0,16.0,24.0,13.0,22.0,3.0,3.0,3.0,1.0,6.0,1.0,0.59,3.0,3.0,3.0,1.0,0.0,0.0,2.0,0
1.0,1.0,1.0,1.0,24.0,3.0,17.0,4.0,2.0,2.0,1.0,2.0,3.0,0.0,3.0,57.0,78.0,13.0,55.0,10.0,51.0,14.0,49.0,10.0,45.0,1.0,1.0,1.0,1.0,6.0,0.0,0.25,3.0,3.0,3.0,3.0,0.0,0.0,2.0,0
1.0,1.0,1.0,1.0,11.0,0.0,11.0,0.0,1.0,2.0,1.0,0.0,1.0,2.0,1.0,10.0,22.0,3.0,13.0,5.0,11.0,6.0,5.0,5.0,3.0,1.0,1.0,1.0,1.0,2.0,0.0,0.46,1.0,1.0,1.0,1.0,0.0,0.0,2.0,0
1.0,1.0,1.0,1.0,10.0,1.0,8.0,0.0,1.0,8.0,8.0,0.0,8.0,0.0,8.0,9.0,107.0,20.0,80.0,33.0,64.0,7.0,57.0,33.0,41.0,2.0,2.0,2.0,1.0,2.0,1.0,0.09,11.0,11.0,11.0,10.0,0.0,0.0,2.0,0
1.0,1.0,1.0,1.0,9.0,0.0,9.0,0.0,1.0,2.0,2.0,0.0,2.0,0.0,2.0,3.0,22.0,2.0,19.0,9.0,16.0,1.0,12.0,9.0,9.0,1.0,1.0,1.0,1.0,2.0,0.0,0.05,2.0,2.0,2.0,2.0,0.0,0.0,2.0,0
1.0,1.0,1.0,1.0,12.0,0.0,9.0,2.0,1.0,5.0,4.0,0.0,11.0,0.0,12.0,13.0,160.0,14.0,112.0,44.0,94.0,34.0,99.0,41.0,84.0,1.0,1.0,1.0,1.0,2.0,0.0,0.3,13.0,13.0,13.0,13.0,0.0,0.0,2.0,0
2.0,2.0,3.0,1.0,10.0,1.0,8.0,1.0,2.0,2.0,0.0,2.0,3.0,1.0,3.0,3.0,38.0,7.0,26.0,8.0,22.0,6.0,23.0,8.0,19.0,4.0,4.0,4.0,1.0,1.0,3.0,0.23,8.0,8.0,9.0,3.0,0.0,0.0,2.0,0
0.0,0.0,0.0,0.0,0.0,0.0,0.0,0.0,2.0,0.0,0.0,0.0,0.0,0.0,0.0,33.0,2.0,0.0,2.0,1.0,1.0,0.0,2.0,1.0,1.0,0.0,0.0,0.0,0.0,3.0,0.0,0.0,0.0,0.0,0.0,0.0,0.0,0.0,2.0,0
1.0,1.0,1.0,1.0,9.0,1.0,7.0,1.0,1.0,2.0,1.0,0.0,4.0,0.0,4.0,51.0,51.0,9.0,37.0,16.0,25.0,5.0,30.0,9.0,25.0,1.0,1.0,1.0,1.0,2.0,0.0,0.14,4.0,4.0,4.0,4.0,0.0,0.0,2.0,0
1.0,1.0,1.0,1.0,5.0,0.0,5.0,0.0,1.0,1.0,0.0,0.0,5.0,2.0,5.0,52.0,38.0,5.0,26.0,10.0,20.0,7.0,24.0,9.0,18.0,2.0,2.0,2.0,1.0,2.0,1.0,0.27,6.0,6.0,6.0,5.0,0.0,0.0,2.0,0
1.0,1.0,1.0,1.0,18.0,2.0,16.0,0.0,2.0,3.0,3.0,0.0,2.0,0.0,2.0,31.0,38.0,5.0,33.0,13.0,26.0,0.0,15.0,13.0,8.0,1.0,1.0,1.0,1.0,2.0,0.0,0.0,2.0,2.0,2.0,2.0,0.0,0.0,2.0,0
1.0,1.0,1.0,1.0,6.0,0.0,5.0,0.0,1.0,5.0,4.0,0.0,18.0,0.0,19.0,20.0,140.0,18.0,105.0,35.0,84.0,17.0,88.0,34.0,68.0,1.0,1.0,1.0,1.0,2.0,1.0,0.16,19.0,19.0,19.0,19.0,0.0,0.0,2.0,0
1.0,1.0,1.0,1.0,11.0,0.0,8.0,2.0,1.0,5.0,5.0,0.0,5.0,0.0,5.0,6.0,61.0,4.0,45.0,20.0,39.0,12.0,44.0,20.0,38.0,1.0,1.0,1.0,1.0,2.0,1.0,0.27,5.0,5.0,5.0,5.0,0.0,0.0,2.0,0
1.0,1.0,1.0,1.0,30.0,4.0,20.0,6.0,2.0,2.0,2.0,0.0,1.0,0.0,1.0,38.0,40.0,6.0,28.0,5.0,25.0,6.0,12.0,3.0,10.0,1.0,1.0,1.0,1.0,3.0,1.0,0.21,1.0,1.0,1.0,1.0,0.0,0.0,2.0,0
1.0,1.0,1.0,1.0,6.0,0.0,5.0,1.0,1.0,2.0,2.0,0.0,6.0,0.0,6.0,7.0,47.0,7.0,34.0,14.0,27.0,6.0,28.0,14.0,21.0,1.0,1.0,1.0,1.0,2.0,0.0,0.18,6.0,6.0,6.0,6.0,0.0,0.0,2.0,0
1.0,1.0,1.0,1.0,5.0,0.0,4.0,1.0,1.0,1.0,1.0,0.0,5.0,0.0,5.0,6.0,35.0,6.0,24.0,12.0,18.0,5.0,18.0,12.0,12.0,1.0,1.0,1.0,1.0,2.0,0.0,0.21,5.0,5.0,5.0,5.0,0.0,0.0,2.0,0
1.0,1.0,1.0,1.0,26.0,2.0,21.0,3.0,1.0,3.0,3.0,0.0,1.0,0.0,1.0,2.0,27.0,2.0,22.0,5.0,19.0,3.0,15.0,5.0,12.0,1.0,1.0,1.0,1.0,2.0,0.0,0.14,1.0,1.0,1.0,1.0,0.0,0.0,2.0,0
0.0,0.0,0.0,0.0,0.0,0.0,0.0,0.0,2.0,0.0,0.0,0.0,0.0,0.0,0.0,0.0,2.0,0.0,2.0,2.0,1.0,0.0,2.0,2.0,1.0,0.0,0.0,0.0,0.0,3.0,0.0,0.0,0.0,0.0,0.0,0.0,0.0,0.0,2.0,0
1.0,1.0,1.0,1.0,11.0,1.0,8.0,1.0,1.0,12.0,11.0,0.0,9.0,1.0,9.0,10.0,142.0,27.0,97.0,68.0,78.0,18.0,97.0,68.0,78.0,1.0,1.0,1.0,1.0,2.0,0.0,0.19,12.0,12.0,12.0,12.0,0.0,0.0,2.0,0
1.0,1.0,1.0,1.0,5.0,0.0,5.0,0.0,1.0,7.0,3.0,0.0,16.0,0.0,16.0,17.0,114.0,17.0,92.0,31.0,72.0,5.0,89.0,30.0,72.0,1.0,1.0,1.0,1.0,2.0,1.0,0.05,16.0,16.0,16.0,16.0,0.0,0.0,2.0,0
1.0,1.0,1.0,1.0,11.0,0.0,8.0,1.0,1.0,7.0,2.0,0.0,10.0,1.0,10.0,11.0,123.0,19.0,89.0,29.0,76.0,15.0,83.0,28.0,72.0,2.0,2.0,2.0,1.0,2.0,1.0,0.17,11.0,11.0,11.0,10.0,0.0,0.0,2.0,0
1.0,1.0,1.0,1.0,10.0,0.0,8.0,1.0,1.0,6.0,2.0,0.0,10.0,0.0,10.0,11.0,114.0,19.0,83.0,29.0,70.0,12.0,79.0,28.0,68.0,1.0,1.0,1.0,1.0,2.0,0.0,0.14,10.0,10.0,10.0,10.0,0.0,0.0,2.0,0
1.0,1.0,1.0,1.0,3.0,0.0,2.0,1.0,2.0,0.0,0.0,0.0,1.0,1.0,1.0,7.0,6.0,1.0,3.0,3.0,1.0,2.0,3.0,3.0,1.0,1.0,1.0,1.0,1.0,2.0,0.0,0.67,1.0,1.0,1.0,1.0,0.0,0.0,2.0,0
0.0,0.0,0.0,0.0,0.0,0.0,0.0,0.0,2.0,0.0,0.0,0.0,0.0,0.0,0.0,38.0,2.0,0.0,2.0,1.0,1.0,0.0,2.0,1.0,1.0,0.0,0.0,0.0,0.0,6.0,0.0,0.0,0.0,0.0,0.0,0.0,0.0,0.0,2.0,0
0.0,0.0,0.0,0.0,0.0,0.0,0.0,0.0,2.0,0.0,0.0,1.0,0.0,0.0,0.0,40.0,2.0,0.0,2.0,1.0,1.0,0.0,2.0,1.0,1.0,0.0,0.0,0.0,0.0,6.0,0.0,0.0,0.0,0.0,0.0,0.0,0.0,0.0,2.0,0
0.0,0.0,0.0,0.0,0.0,0.0,0.0,0.0,2.0,0.0,0.0,0.0,0.0,0.0,0.0,6.0,3.0,0.0,3.0,3.0,2.0,0.0,3.0,3.0,2.0,0.0,0.0,0.0,0.0,2.0,0.0,0.0,0.0,0.0,0.0,0.0,0.0,0.0,2.0,0
0.0,0.0,0.0,0.0,0.0,0.0,0.0,0.0,2.0,0.0,0.0,0.0,0.0,0.0,0.0,45.0,2.0,0.0,2.0,1.0,1.0,0.0,2.0,1.0,1.0,0.0,0.0,0.0,0.0,6.0,0.0,0.0,0.0,0.0,0.0,0.0,0.0,0.0,2.0,0
0.0,0.0,0.0,0.0,0.0,0.0,0.0,0.0,2.0,0.0,0.0,0.0,0.0,0.0,0.0,52.0,2.0,0.0,2.0,1.0,1.0,0.0,2.0,1.0,1.0,0.0,0.0,0.0,0.0,7.0,0.0,0.0,0.0,0.0,0.0,0.0,0.0,0.0,2.0,0
2.0,2.0,2.0,1.0,15.0,0.0,11.0,3.0,2.0,7.0,6.0,0.0,29.0,0.0,29.0,30.0,467.0,57.0,335.0,141.0,305.0,94.0,335.0,141.0,305.0,6.0,6.0,6.0,1.0,2.0,3.0,0.28,64.0,64.0,64.0,29.0,0.0,0.0,2.0,0
1.0,1.0,1.0,1.0,13.0,0.0,7.0,5.0,1.0,13.0,13.0,0.0,6.0,0.0,6.0,9.0,86.0,6.0,47.0,27.0,40.0,33.0,47.0,27.0,40.0,3.0,3.0,3.0,1.0,2.0,2.0,0.7,10.0,10.0,10.0,6.0,0.0,0.0,2.0,0
0.0,0.0,0.0,0.0,0.0,0.0,0.0,0.0,2.0,0.0,0.0,0.0,0.0,0.0,0.0,0.0,4.0,0.0,2.0,1.0,1.0,2.0,2.0,1.0,1.0,0.0,0.0,0.0,0.0,2.0,0.0,1.0,0.0,0.0,0.0,0.0,0.0,0.0,2.0,0
1.0,1.0,1.0,1.0,19.0,0.0,19.0,0.0,1.0,3.0,3.0,0.0,3.0,1.0,3.0,32.0,64.0,5.0,59.0,25.0,52.0,1.0,32.0,24.0,26.0,2.0,2.0,2.0,1.0,3.0,1.0,0.02,4.0,4.0,4.0,3.0,0.0,0.0,2.0,0
1.0,1.0,1.0,1.0,19.0,0.0,18.0,0.0,1.0,1.0,1.0,0.0,2.0,1.0,2.0,31.0,42.0,3.0,39.0,15.0,34.0,1.0,19.0,14.0,15.0,1.0,1.0,1.0,1.0,3.0,0.0,0.03,2.0,2.0,2.0,2.0,0.0,0.0,2.0,0
1.0,1.0,1.0,1.0,13.0,0.0,9.0,2.0,2.0,10.0,8.0,0.0,27.0,0.0,27.0,55.0,391.0,47.0,271.0,99.0,239.0,73.0,228.0,95.0,200.0,1.0,1.0,1.0,1.0,2.0,1.0,0.27,27.0,27.0,27.0,27.0,0.0,0.0,2.0,0
1.0,1.0,1.0,1.0,9.0,0.0,7.0,1.0,2.0,4.0,2.0,4.0,22.0,2.0,22.0,23.0,253.0,31.0,189.0,66.0,158.0,33.0,167.0,58.0,142.0,2.0,2.0,2.0,1.0,2.0,1.0,0.17,26.0,26.0,26.0,24.0,0.0,0.0,2.0,0
1.0,1.0,1.0,1.0,4.0,0.0,3.0,0.0,2.0,4.0,3.0,0.0,5.0,0.0,5.0,55.0,28.0,5.0,19.0,10.0,13.0,4.0,19.0,10.0,13.0,1.0,1.0,1.0,1.0,3.0,1.0,0.21,5.0,5.0,5.0,5.0,0.0,0.0,2.0,0
1.0,1.0,1.0,1.0,6.0,0.0,5.0,0.0,2.0,2.0,0.0,0.0,5.0,2.0,5.0,55.0,37.0,5.0,29.0,13.0,23.0,3.0,23.0,13.0,17.0,1.0,1.0,1.0,1.0,3.0,0.0,0.1,5.0,5.0,5.0,5.0,0.0,0.0,2.0,0
1.0,1.0,1.0,1.0,5.0,0.0,4.0,0.0,2.0,5.0,3.0,0.0,27.0,0.0,27.0,79.0,195.0,35.0,148.0,80.0,97.0,12.0,121.0,60.0,90.0,4.0,4.0,4.0,3.0,3.0,3.0,0.08,32.0,32.0,32.0,31.0,0.0,0.0,2.0,0
1.0,1.0,1.0,1.0,10.0,1.0,6.0,2.0,2.0,5.0,1.0,0.0,14.0,1.0,14.0,70.0,165.0,34.0,96.0,56.0,81.0,35.0,92.0,56.0,77.0,2.0,2.0,2.0,1.0,2.0,1.0,0.36,16.0,16.0,16.0,14.0,0.0,0.0,2.0,0
0.0,0.0,0.0,0.0,0.0,0.0,0.0,0.0,2.0,0.0,0.0,0.0,0.0,0.0,0.0,22.0,4.0,0.0,4.0,4.0,3.0,0.0,4.0,4.0,3.0,0.0,0.0,0.0,0.0,5.0,0.0,0.0,0.0,0.0,0.0,0.0,0.0,0.0,2.0,0
1.0,1.0,1.0,1.0,14.0,1.0,8.0,5.0,1.0,1.0,1.0,0.0,5.0,0.0,5.0,8.0,84.0,12.0,42.0,18.0,35.0,30.0,42.0,18.0,35.0,1.0,1.0,1.0,1.0,2.0,0.0,0.71,5.0,5.0,5.0,5.0,0.0,0.0,2.0,0
0.0,0.0,0.0,0.0,0.0,0.0,0.0,0.0,2.0,0.0,0.0,0.0,0.0,0.0,0.0,0.0,2.0,0.0,2.0,1.0,1.0,0.0,2.0,1.0,1.0,0.0,0.0,0.0,0.0,2.0,0.0,0.0,0.0,0.0,0.0,0.0,0.0,0.0,2.0,0
0.0,0.0,0.0,0.0,0.0,0.0,0.0,0.0,2.0,0.0,0.0,0.0,0.0,0.0,0.0,53.0,2.0,0.0,1.0,1.0,0.0,1.0,1.0,1.0,0.0,0.0,0.0,0.0,0.0,3.0,0.0,1.0,0.0,0.0,0.0,0.0,0.0,0.0,2.0,0
0.0,0.0,0.0,0.0,0.0,0.0,0.0,0.0,2.0,0.0,0.0,0.0,0.0,0.0,0.0,49.0,2.0,0.0,2.0,1.0,1.0,0.0,2.0,1.0,1.0,0.0,0.0,0.0,0.0,2.0,0.0,0.0,0.0,0.0,0.0,0.0,0.0,0.0,2.0,0
0.0,0.0,0.0,0.0,0.0,0.0,0.0,0.0,2.0,0.0,0.0,0.0,0.0,0.0,0.0,49.0,2.0,0.0,2.0,1.0,1.0,0.0,2.0,1.0,1.0,0.0,0.0,0.0,0.0,3.0,0.0,0.0,0.0,0.0,0.0,0.0,0.0,0.0,2.0,0
0.0,0.0,0.0,0.0,0.0,0.0,0.0,0.0,2.0,0.0,0.0,0.0,0.0,0.0,0.0,48.0,2.0,0.0,2.0,1.0,1.0,0.0,2.0,1.0,1.0,0.0,0.0,0.0,0.0,4.0,0.0,0.0,0.0,0.0,0.0,0.0,0.0,0.0,2.0,0
0.0,0.0,0.0,0.0,0.0,0.0,0.0,0.0,2.0,0.0,0.0,0.0,0.0,0.0,0.0,49.0,3.0,0.0,3.0,3.0,1.0,0.0,3.0,3.0,1.0,0.0,0.0,0.0,0.0,3.0,0.0,0.0,0.0,0.0,0.0,0.0,0.0,0.0,2.0,0
2.0,2.0,2.0,1.0,7.0,0.0,6.0,0.0,1.0,1.0,0.0,0.0,0.0,0.0,4.0,19.0,58.0,4.0,52.0,22.0,43.0,2.0,31.0,18.0,26.0,4.0,4.0,4.0,1.0,2.0,3.0,0.04,9.0,9.0,9.0,4.0,0.0,0.0,2.0,0
1.0,1.0,1.0,1.0,18.0,0.0,15.0,2.0,1.0,3.0,1.0,0.0,7.0,0.0,10.0,25.0,225.0,11.0,190.0,42.0,176.0,24.0,66.0,39.0,55.0,3.0,3.0,3.0,1.0,2.0,2.0,0.13,18.0,18.0,18.0,10.0,0.0,0.0,2.0,0
2.0,2.0,3.0,1.0,9.0,0.0,8.0,1.0,1.0,2.0,0.0,0.0,0.0,0.0,3.0,18.0,68.0,5.0,60.0,18.0,53.0,3.0,28.0,15.0,24.0,4.0,4.0,5.0,1.0,2.0,3.0,0.05,8.0,8.0,9.0,3.0,0.0,0.0,2.0,0
1.0,1.0,1.0,1.0,8.0,0.0,5.0,2.0,1.0,3.0,2.0,0.0,6.0,2.0,6.0,36.0,68.0,12.0,41.0,17.0,30.0,15.0,35.0,14.0,27.0,2.0,2.0,2.0,1.0,2.0,1.0,0.37,8.0,8.0,8.0,7.0,0.0,0.0,2.0,0
1.0,1.0,1.0,1.0,6.0,0.0,2.0,3.0,1.0,2.0,1.0,0.0,4.0,0.0,4.0,34.0,33.0,6.0,14.0,7.0,8.0,13.0,13.0,6.0,8.0,1.0,1.0,1.0,1.0,2.0,0.0,0.93,4.0,4.0,4.0,4.0,0.0,0.0,2.0,0
0.0,0.0,0.0,0.0,0.0,0.0,0.0,0.0,2.0,0.0,0.0,8.0,0.0,0.0,0.0,37.0,2.0,0.0,2.0,1.0,1.0,0.0,2.0,1.0,1.0,0.0,0.0,0.0,0.0,3.0,0.0,0.0,0.0,0.0,0.0,0.0,0.0,0.0,2.0,0
1.0,1.0,1.0,1.0,6.0,0.0,3.0,3.0,2.0,0.0,0.0,0.0,2.0,0.0,2.0,45.0,17.0,1.0,7.0,3.0,4.0,9.0,7.0,3.0,4.0,1.0,1.0,1.0,1.0,4.0,0.0,1.29,2.0,2.0,2.0,2.0,0.0,0.0,2.0,0
1.0,1.0,1.0,1.0,6.0,0.0,3.0,2.0,2.0,1.0,0.0,0.0,2.0,0.0,2.0,45.0,18.0,2.0,8.0,3.0,5.0,8.0,7.0,3.0,4.0,1.0,1.0,1.0,1.0,4.0,0.0,1.0,2.0,2.0,2.0,2.0,0.0,0.0,2.0,0
1.0,1.0,1.0,1.0,2.0,0.0,2.0,0.0,2.0,1.0,0.0,0.0,1.0,0.0,1.0,39.0,6.0,0.0,3.0,2.0,1.0,3.0,3.0,2.0,1.0,1.0,1.0,1.0,1.0,4.0,0.0,1.0,1.0,1.0,1.0,1.0,0.0,0.0,2.0,0
0.0,0.0,0.0,0.0,0.0,0.0,0.0,0.0,2.0,0.0,0.0,0.0,0.0,0.0,0.0,42.0,4.0,0.0,1.0,1.0,0.0,3.0,1.0,1.0,0.0,0.0,0.0,0.0,0.0,4.0,0.0,3.0,0.0,0.0,0.0,0.0,0.0,0.0,2.0,0
1.0,1.0,1.0,1.0,6.0,0.0,6.0,0.0,2.0,2.0,1.0,0.0,1.0,3.0,1.0,36.0,10.0,0.0,7.0,6.0,5.0,3.0,7.0,6.0,5.0,1.0,1.0,1.0,1.0,3.0,0.0,0.43,1.0,1.0,1.0,1.0,0.0,0.0,2.0,0
1.0,1.0,1.0,1.0,6.0,0.0,6.0,0.0,2.0,2.0,1.0,0.0,1.0,3.0,1.0,36.0,10.0,0.0,7.0,6.0,5.0,3.0,7.0,6.0,5.0,1.0,1.0,1.0,1.0,3.0,0.0,0.43,1.0,1.0,1.0,1.0,0.0,0.0,2.0,0
1.0,1.0,1.0,1.0,7.0,0.0,7.0,0.0,2.0,3.0,2.0,0.0,1.0,3.0,1.0,36.0,11.0,0.0,8.0,6.0,6.0,3.0,7.0,6.0,5.0,1.0,1.0,1.0,1.0,3.0,0.0,0.38,1.0,1.0,1.0,1.0,0.0,0.0,2.0,0
1.0,1.0,1.0,1.0,5.0,0.0,5.0,0.0,2.0,2.0,1.0,0.0,6.0,2.0,6.0,43.0,57.0,7.0,49.0,29.0,35.0,1.0,35.0,22.0,28.0,1.0,1.0,1.0,1.0,3.0,0.0,0.02,6.0,6.0,6.0,6.0,0.0,0.0,2.0,0
3.0,3.0,3.0,1.0,24.0,3.0,19.0,1.0,1.0,2.0,0.0,0.0,4.0,0.0,4.0,5.0,102.0,18.0,79.0,16.0,74.0,5.0,61.0,10.0,56.0,5.0,5.0,5.0,1.0,2.0,1.0,0.06,13.0,13.0,13.0,4.0,0.0,0.0,2.0,0
3.0,3.0,3.0,1.0,20.0,3.0,14.0,3.0,1.0,1.0,1.0,0.0,1.0,0.0,1.0,2.0,22.0,4.0,15.0,3.0,13.0,3.0,15.0,3.0,13.0,3.0,3.0,3.0,1.0,2.0,1.0,0.2,3.0,3.0,3.0,1.0,0.0,0.0,2.0,0
1.0,1.0,1.0,1.0,12.0,0.0,10.0,2.0,1.0,2.0,1.0,0.0,5.0,0.0,5.0,6.0,70.0,8.0,52.0,16.0,45.0,10.0,41.0,13.0,35.0,2.0,2.0,2.0,1.0,2.0,1.0,0.19,7.0,7.0,7.0,5.0,0.0,0.0,2.0,0
1.0,1.0,1.0,1.0,8.0,0.0,7.0,0.0,1.0,2.0,2.0,0.0,9.0,0.0,9.0,10.0,131.0,23.0,95.0,27.0,75.0,13.0,91.0,23.0,75.0,1.0,1.0,1.0,1.0,2.0,0.0,0.14,15.0,15.0,15.0,15.0,0.0,0.0,2.0,0
0.0,0.0,0.0,0.0,0.0,0.0,0.0,0.0,2.0,0.0,0.0,0.0,0.0,0.0,0.0,8.0,2.0,0.0,2.0,2.0,1.0,0.0,2.0,2.0,1.0,0.0,0.0,0.0,0.0,2.0,0.0,0.0,0.0,0.0,0.0,0.0,0.0,0.0,2.0,0
0.0,0.0,0.0,0.0,0.0,0.0,0.0,0.0,2.0,0.0,0.0,0.0,0.0,0.0,0.0,8.0,2.0,0.0,2.0,2.0,1.0,0.0,2.0,2.0,1.0,0.0,0.0,0.0,0.0,2.0,0.0,0.0,0.0,0.0,0.0,0.0,0.0,0.0,2.0,0
0.0,0.0,0.0,0.0,0.0,0.0,0.0,0.0,2.0,0.0,0.0,0.0,0.0,0.0,0.0,8.0,2.0,0.0,2.0,2.0,1.0,0.0,2.0,2.0,1.0,0.0,0.0,0.0,0.0,2.0,0.0,0.0,0.0,0.0,0.0,0.0,0.0,0.0,2.0,0
1.0,1.0,1.0,1.0,6.0,0.0,5.0,1.0,2.0,5.0,4.0,0.0,16.0,0.0,16.0,45.0,143.0,19.0,101.0,55.0,69.0,23.0,70.0,39.0,53.0,3.0,3.0,3.0,1.0,2.0,2.0,0.23,19.0,19.0,19.0,16.0,0.0,0.0,2.0,0
1.0,1.0,1.0,1.0,10.0,0.0,10.0,0.0,1.0,1.0,0.0,0.0,2.0,1.0,2.0,8.0,23.0,2.0,21.0,11.0,13.0,0.0,11.0,6.0,8.0,2.0,2.0,2.0,1.0,3.0,1.0,0.0,3.0,3.0,3.0,2.0,0.0,0.0,1.0,0
4.0,4.0,4.0,1.0,26.0,3.0,17.0,5.0,2.0,14.0,4.0,0.0,29.0,10.0,29.0,50.0,827.0,131.0,517.0,171.0,468.0,179.0,428.0,159.0,391.0,21.0,21.0,21.0,12.0,2.0,6.0,0.35,142.0,142.0,152.0,65.0,0.0,0.0,2.0,0
0.0,0.0,0.0,0.0,0.0,0.0,0.0,0.0,2.0,0.0,0.0,0.0,0.0,0.0,0.0,10.0,2.0,0.0,2.0,1.0,1.0,0.0,2.0,1.0,1.0,0.0,0.0,0.0,0.0,3.0,0.0,0.0,0.0,0.0,0.0,0.0,0.0,0.0,2.0,0
1.0,1.0,1.0,1.0,11.0,1.0,9.0,0.0,3.0,5.0,1.0,11.0,22.0,1.0,22.0,37.0,355.0,55.0,292.0,63.0,268.0,8.0,213.0,62.0,190.0,5.0,5.0,5.0,1.0,2.0,3.0,0.03,39.0,39.0,39.0,22.0,0.0,0.0,3.0,1
1.0,1.0,1.0,1.0,6.0,0.0,5.0,0.0,3.0,2.0,1.0,0.0,4.0,0.0,4.0,49.0,41.0,7.0,34.0,12.0,28.0,0.0,26.0,11.0,21.0,1.0,1.0,1.0,1.0,4.0,0.0,0.0,4.0,4.0,4.0,4.0,0.0,0.0,3.0,1
1.0,1.0,1.0,1.0,14.0,2.0,11.0,0.0,3.0,2.0,2.0,0.0,6.0,3.0,6.0,34.0,107.0,20.0,81.0,26.0,71.0,6.0,63.0,24.0,53.0,3.0,3.0,5.0,1.0,3.0,1.0,0.07,13.0,13.0,15.0,8.0,0.0,0.0,3.0,1
2.0,2.0,3.0,1.0,8.0,1.0,6.0,0.0,1.0,4.0,3.0,0.0,2.0,0.0,2.0,2.0,18.0,4.0,14.0,5.0,11.0,0.0,11.0,5.0,8.0,3.0,3.0,5.0,1.0,1.0,1.0,0.0,4.0,4.0,6.0,2.0,0.0,0.0,1.0,0
0.0,0.0,0.0,0.0,0.0,0.0,0.0,0.0,2.0,0.0,0.0,0.0,0.0,0.0,0.0,41.0,3.0,0.0,3.0,2.0,1.0,0.0,2.0,1.0,1.0,0.0,0.0,0.0,0.0,4.0,0.0,0.0,0.0,0.0,0.0,0.0,0.0,0.0,2.0,0
0.0,0.0,0.0,0.0,0.0,0.0,0.0,0.0,2.0,0.0,0.0,0.0,0.0,0.0,0.0,40.0,3.0,0.0,3.0,2.0,1.0,0.0,2.0,1.0,1.0,0.0,0.0,0.0,0.0,4.0,0.0,0.0,0.0,0.0,0.0,0.0,0.0,0.0,2.0,0
1.0,1.0,1.0,1.0,5.0,0.0,5.0,0.0,4.0,0.0,0.0,0.0,1.0,0.0,1.0,17.0,8.0,1.0,7.0,3.0,4.0,0.0,6.0,2.0,4.0,1.0,1.0,1.0,1.0,3.0,0.0,0.0,1.0,1.0,1.0,1.0,0.0,0.0,4.0,1
1.0,1.0,1.0,1.0,41.0,1.0,28.0,12.0,4.0,6.0,6.0,0.0,1.0,0.0,1.0,28.0,46.0,3.0,30.0,11.0,25.0,13.0,12.0,8.0,10.0,1.0,1.0,1.0,1.0,3.0,0.0,0.43,1.0,1.0,1.0,1.0,0.0,0.0,4.0,1
1.0,1.0,1.0,1.0,26.0,1.0,13.0,12.0,3.0,2.0,2.0,0.0,1.0,0.0,1.0,21.0,31.0,3.0,15.0,6.0,11.0,13.0,7.0,4.0,5.0,1.0,1.0,1.0,1.0,3.0,0.0,0.87,1.0,1.0,1.0,1.0,0.0,0.0,3.0,1
2.0,2.0,2.0,2.0,16.0,0.0,16.0,0.0,1.0,2.0,0.0,0.0,2.0,0.0,2.0,8.0,35.0,2.0,33.0,14.0,20.0,0.0,11.0,4.0,8.0,3.0,3.0,4.0,3.0,3.0,1.0,0.0,4.0,4.0,5.0,4.0,0.0,0.0,1.0,0
0.0,0.0,0.0,0.0,0.0,0.0,0.0,0.0,3.0,0.0,0.0,0.0,0.0,0.0,0.0,16.0,3.0,1.0,2.0,2.0,1.0,0.0,2.0,2.0,1.0,0.0,0.0,0.0,0.0,2.0,0.0,0.0,0.0,0.0,0.0,0.0,0.0,0.0,3.0,1
0.0,0.0,0.0,0.0,0.0,0.0,0.0,0.0,1.0,0.0,0.0,0.0,0.0,0.0,0.0,12.0,2.0,0.0,2.0,1.0,1.0,0.0,2.0,1.0,1.0,0.0,0.0,0.0,0.0,3.0,0.0,0.0,0.0,0.0,0.0,0.0,0.0,0.0,1.0,0
0.0,0.0,0.0,0.0,0.0,0.0,0.0,0.0,3.0,0.0,0.0,0.0,0.0,0.0,0.0,16.0,3.0,1.0,2.0,2.0,1.0,0.0,2.0,2.0,1.0,0.0,0.0,0.0,0.0,2.0,0.0,0.0,0.0,0.0,0.0,0.0,0.0,0.0,3.0,1
0.0,0.0,0.0,0.0,0.0,0.0,0.0,0.0,3.0,0.0,0.0,0.0,0.0,0.0,0.0,16.0,3.0,1.0,2.0,2.0,1.0,0.0,2.0,2.0,1.0,0.0,0.0,0.0,0.0,2.0,0.0,0.0,0.0,0.0,0.0,0.0,0.0,0.0,3.0,1
1.0,1.0,1.0,1.0,5.0,0.0,5.0,0.0,1.0,0.0,0.0,0.0,3.0,1.0,3.0,3.0,20.0,4.0,16.0,8.0,11.0,0.0,14.0,8.0,9.0,1.0,1.0,1.0,1.0,1.0,0.0,0.0,4.0,4.0,4.0,4.0,0.0,0.0,1.0,0
1.0,1.0,1.0,1.0,2.0,0.0,2.0,0.0,1.0,7.0,7.0,0.0,7.0,0.0,7.0,7.0,24.0,6.0,15.0,8.0,7.0,3.0,15.0,8.0,7.0,1.0,1.0,1.0,1.0,1.0,0.0,0.2,7.0,7.0,7.0,7.0,0.0,0.0,1.0,0
1.0,1.0,1.0,1.0,8.0,1.0,7.0,0.0,3.0,8.0,3.0,0.0,19.0,2.0,21.0,63.0,222.0,48.0,166.0,74.0,131.0,8.0,146.0,70.0,115.0,2.0,2.0,2.0,1.0,2.0,2.0,0.05,32.0,32.0,32.0,30.0,0.0,0.0,3.0,1
1.0,1.0,1.0,1.0,7.0,0.0,7.0,0.0,1.0,1.0,0.0,0.0,1.0,2.0,1.0,1.0,8.0,0.0,8.0,6.0,5.0,0.0,8.0,6.0,5.0,1.0,1.0,1.0,1.0,1.0,0.0,0.0,1.0,1.0,1.0,1.0,0.0,0.0,1.0,0
1.0,1.0,1.0,1.0,6.0,0.0,5.0,0.0,3.0,1.0,1.0,0.0,3.0,3.0,3.0,18.0,24.0,4.0,19.0,12.0,15.0,1.0,19.0,12.0,15.0,1.0,1.0,1.0,1.0,2.0,0.0,0.05,3.0,3.0,3.0,3.0,0.0,0.0,3.0,1
1.0,1.0,1.0,1.0,6.0,0.0,5.0,0.0,3.0,1.0,1.0,0.0,3.0,3.0,3.0,18.0,31.0,4.0,25.0,14.0,21.0,2.0,26.0,14.0,21.0,1.0,1.0,1.0,1.0,2.0,0.0,0.08,4.0,4.0,4.0,4.0,0.0,0.0,3.0,1
1.0,1.0,1.0,1.0,9.0,0.0,7.0,1.0,1.0,3.0,1.0,0.0,4.0,0.0,4.0,13.0,42.0,7.0,30.0,13.0,25.0,5.0,24.0,13.0,19.0,2.0,2.0,2.0,1.0,2.0,2.0,0.17,5.0,5.0,5.0,4.0,0.0,0.0,1.0,0
1.0,1.0,1.0,1.0,16.0,2.0,13.0,0.0,2.0,9.0,1.0,0.0,37.0,0.0,37.0,65.0,646.0,118.0,495.0,157.0,455.0,35.0,427.0,157.0,387.0,5.0,5.0,5.0,1.0,2.0,2.0,0.07,47.0,47.0,47.0,39.0,0.0,0.0,2.0,0
1.0,1.0,1.0,1.0,9.0,1.0,7.0,0.0,4.0,10.0,1.0,0.0,34.0,1.0,35.0,91.0,503.0,116.0,261.0,97.0,222.0,126.0,219.0,95.0,182.0,2.0,2.0,2.0,1.0,2.0,1.0,0.48,36.0,36.0,36.0,35.0,0.0,0.0,4.0,1
1.0,1.0,2.0,1.0,10.0,0.0,7.0,3.0,3.0,0.0,0.0,0.0,3.0,0.0,3.0,3.0,42.0,2.0,26.0,14.0,22.0,14.0,24.0,14.0,20.0,2.0,2.0,4.0,1.0,1.0,1.0,0.54,4.0,4.0,6.0,3.0,0.0,0.0,3.0,1
1.0,1.0,1.0,1.0,5.0,0.0,5.0,0.0,6.0,0.0,0.0,0.0,2.0,1.0,2.0,92.0,13.0,1.0,12.0,4.0,9.0,0.0,12.0,4.0,9.0,1.0,1.0,1.0,1.0,2.0,0.0,0.0,2.0,2.0,2.0,2.0,0.0,0.0,6.0,1
0.0,0.0,0.0,0.0,0.0,0.0,0.0,0.0,1.0,0.0,0.0,0.0,0.0,0.0,0.0,2.0,2.0,0.0,2.0,1.0,1.0,0.0,2.0,1.0,1.0,0.0,0.0,0.0,0.0,2.0,0.0,0.0,0.0,0.0,0.0,0.0,0.0,0.0,1.0,0
3.0,3.0,3.0,1.0,8.0,0.0,8.0,0.0,4.0,2.0,0.0,0.0,8.0,2.0,8.0,28.0,81.0,9.0,72.0,24.0,62.0,0.0,58.0,23.0,49.0,4.0,4.0,4.0,3.0,2.0,2.0,0.0,24.0,24.0,24.0,12.0,0.0,0.0,4.0,1
2.0,2.0,2.0,1.0,7.0,0.0,7.0,0.0,4.0,0.0,0.0,0.0,8.0,3.0,8.0,28.0,73.0,9.0,64.0,24.0,55.0,0.0,52.0,24.0,43.0,4.0,4.0,4.0,3.0,2.0,1.0,0.0,20.0,20.0,20.0,12.0,0.0,0.0,4.0,1
3.0,3.0,3.0,1.0,10.0,0.0,9.0,0.0,4.0,2.0,0.0,0.0,9.0,3.0,9.0,32.0,105.0,11.0,91.0,30.0,81.0,3.0,76.0,30.0,66.0,5.0,5.0,6.0,4.0,2.0,3.0,0.03,27.0,27.0,28.0,12.0,0.0,0.0,4.0,1
1.0,1.0,1.0,1.0,8.0,0.0,8.0,0.0,2.0,2.0,2.0,0.0,0.0,3.0,2.0,7.0,21.0,2.0,19.0,9.0,13.0,0.0,17.0,7.0,13.0,1.0,1.0,1.0,1.0,2.0,1.0,0.0,2.0,2.0,2.0,2.0,0.0,0.0,2.0,0
0.0,0.0,0.0,0.0,0.0,0.0,0.0,0.0,1.0,0.0,0.0,0.0,0.0,0.0,0.0,7.0,2.0,0.0,2.0,2.0,1.0,0.0,2.0,2.0,1.0,0.0,0.0,0.0,0.0,3.0,0.0,0.0,0.0,0.0,0.0,0.0,0.0,0.0,1.0,0
2.0,2.0,2.0,1.0,26.0,1.0,24.0,0.0,1.0,2.0,2.0,0.0,8.0,6.0,10.0,10.0,326.0,31.0,286.0,44.0,267.0,9.0,168.0,41.0,152.0,6.0,6.0,6.0,1.0,1.0,1.0,0.03,26.0,26.0,26.0,12.0,0.0,0.0,1.0,0
0.0,0.0,0.0,0.0,0.0,0.0,0.0,0.0,3.0,0.0,0.0,0.0,0.0,0.0,0.0,15.0,14.0,3.0,1.0,1.0,0.0,10.0,1.0,1.0,0.0,0.0,0.0,0.0,0.0,7.0,0.0,10.0,0.0,0.0,0.0,0.0,0.0,0.0,3.0,1
2.0,2.0,2.0,1.0,5.0,0.0,4.0,0.0,3.0,4.0,0.0,2.0,6.0,0.0,6.0,12.0,43.0,7.0,28.0,14.0,20.0,8.0,27.0,12.0,20.0,3.0,3.0,3.0,3.0,1.0,2.0,0.29,13.0,13.0,13.0,10.0,0.0,0.0,3.0,1
1.0,1.0,1.0,1.0,10.0,0.0,8.0,1.0,4.0,3.0,2.0,3.0,4.0,5.0,4.0,74.0,67.0,9.0,51.0,24.0,40.0,7.0,43.0,21.0,35.0,1.0,1.0,1.0,1.0,2.0,1.0,0.14,6.0,6.0,6.0,6.0,0.0,0.0,4.0,1
1.0,1.0,1.0,1.0,20.0,3.0,14.0,3.0,4.0,1.0,1.0,0.0,1.0,0.0,1.0,71.0,25.0,4.0,18.0,11.0,13.0,3.0,15.0,8.0,13.0,1.0,1.0,1.0,1.0,2.0,0.0,0.17,1.0,1.0,1.0,1.0,0.0,0.0,4.0,1
1.0,1.0,1.0,1.0,13.0,1.0,10.0,1.0,4.0,3.0,3.0,0.0,6.0,0.0,6.0,76.0,90.0,16.0,68.0,26.0,57.0,9.0,62.0,22.0,55.0,2.0,2.0,2.0,1.0,2.0,1.0,0.13,7.0,7.0,7.0,6.0,0.0,0.0,4.0,1
0.0,0.0,0.0,0.0,0.0,0.0,0.0,0.0,2.0,0.0,0.0,0.0,0.0,0.0,0.0,5.0,3.0,0.0,3.0,3.0,1.0,0.0,2.0,2.0,1.0,0.0,0.0,0.0,0.0,2.0,0.0,0.0,0.0,0.0,0.0,0.0,0.0,0.0,2.0,0
1.0,1.0,1.0,1.0,5.0,0.0,5.0,0.0,4.0,0.0,0.0,0.0,1.0,0.0,1.0,1.0,13.0,2.0,11.0,10.0,8.0,0.0,10.0,9.0,8.0,1.0,1.0,1.0,1.0,1.0,0.0,0.0,1.0,1.0,1.0,1.0,0.0,0.0,4.0,1
0.0,0.0,0.0,0.0,0.0,0.0,0.0,0.0,1.0,0.0,0.0,0.0,0.0,0.0,0.0,7.0,2.0,0.0,2.0,2.0,1.0,0.0,2.0,2.0,1.0,0.0,0.0,0.0,0.0,2.0,0.0,0.0,0.0,0.0,0.0,0.0,0.0,0.0,1.0,0
2.0,2.0,2.0,1.0,16.0,2.0,12.0,1.0,1.0,8.0,1.0,0.0,6.0,7.0,11.0,39.0,231.0,42.0,165.0,67.0,143.0,24.0,118.0,60.0,103.0,5.0,5.0,6.0,5.0,2.0,2.0,0.15,38.0,38.0,39.0,20.0,0.0,0.0,1.0,0
0.0,0.0,0.0,0.0,0.0,0.0,0.0,0.0,3.0,0.0,0.0,0.0,0.0,0.0,0.0,1.0,4.0,0.0,1.0,1.0,0.0,3.0,1.0,1.0,0.0,0.0,0.0,0.0,0.0,2.0,0.0,3.0,0.0,0.0,0.0,0.0,0.0,0.0,3.0,1
1.0,1.0,1.0,1.0,12.0,1.0,4.0,7.0,3.0,1.0,0.0,1.0,4.0,1.0,4.0,5.0,63.0,9.0,17.0,6.0,12.0,37.0,17.0,6.0,12.0,2.0,2.0,2.0,1.0,2.0,1.0,2.18,5.0,5.0,5.0,4.0,0.0,0.0,2.0,0
3.0,3.0,3.0,1.0,34.0,4.0,16.0,15.0,3.0,6.0,0.0,0.0,8.0,15.0,8.0,17.0,393.0,69.0,131.0,46.0,120.0,203.0,106.0,44.0,97.0,11.0,11.0,11.0,6.0,3.0,2.0,1.55,26.0,26.0,26.0,13.0,0.0,0.0,3.0,1
2.0,2.0,3.0,1.0,21.0,2.0,12.0,7.0,3.0,6.0,4.0,0.0,9.0,13.0,9.0,15.0,288.0,48.0,110.0,43.0,99.0,130.0,89.0,42.0,79.0,7.0,7.0,10.0,3.0,2.0,2.0,1.18,24.0,24.0,31.0,13.0,0.0,0.0,3.0,1
1.0,1.0,1.0,1.0,9.0,0.0,9.0,0.0,1.0,1.0,0.0,0.0,1.0,0.0,1.0,10.0,11.0,1.0,10.0,5.0,5.0,0.0,3.0,2.0,1.0,1.0,1.0,1.0,1.0,3.0,0.0,0.0,1.0,1.0,1.0,1.0,0.0,0.0,1.0,0
2.0,2.0,2.0,1.0,14.0,2.0,7.0,6.0,3.0,6.0,1.0,0.0,9.0,7.0,9.0,15.0,201.0,33.0,65.0,26.0,54.0,104.0,52.0,25.0,42.0,5.0,5.0,8.0,4.0,2.0,3.0,1.6,19.0,19.0,22.0,12.0,0.0,0.0,3.0,1
1.0,1.0,1.0,1.0,7.0,0.0,7.0,0.0,1.0,4.0,4.0,0.0,6.0,1.0,6.0,6.0,54.0,6.0,48.0,33.0,37.0,0.0,43.0,29.0,36.0,1.0,1.0,1.0,1.0,1.0,0.0,0.0,6.0,6.0,6.0,6.0,0.0,0.0,1.0,0
1.0,1.0,1.0,1.0,13.0,1.0,11.0,0.0,3.0,1.0,0.0,0.0,4.0,1.0,4.0,14.0,63.0,11.0,52.0,16.0,44.0,0.0,24.0,12.0,19.0,1.0,1.0,1.0,1.0,3.0,1.0,0.0,4.0,4.0,4.0,4.0,0.0,0.0,3.0,1
1.0,1.0,1.0,1.0,3.0,0.0,3.0,0.0,3.0,0.0,0.0,0.0,8.0,0.0,8.0,13.0,46.0,9.0,37.0,29.0,20.0,0.0,29.0,21.0,20.0,1.0,1.0,1.0,1.0,2.0,0.0,0.0,8.0,8.0,8.0,8.0,0.0,0.0,3.0,1
1.0,1.0,1.0,1.0,10.0,1.0,9.0,0.0,1.0,3.0,3.0,0.0,13.0,3.0,13.0,13.0,158.0,28.0,126.0,71.0,110.0,6.0,121.0,71.0,105.0,1.0,1.0,1.0,1.0,1.0,0.0,0.05,15.0,15.0,15.0,15.0,0.0,0.0,1.0,0
