0,1,2,3,4,5,6,7,8,9,10,11,12,13,14,15,16,17,18,19,20,21,22,23,24,25,26,27,28,29,30,31,32,33,34,35,36,37,38,39,0
3.0,3.0,3.0,1.0,15.0,0.0,13.0,1.0,1.0,13.0,8.0,0.0,10.0,11.0,10.0,10.0,192.0,19.0,145.0,31.0,132.0,28.0,127.0,29.0,114.0,11.0,11.0,13.0,8.0,1.0,4.0,0.19,38.0,38.0,46.0,22.0,0.0,0.0,11.0,32.73,0
3.0,3.0,4.0,2.0,21.0,1.0,12.0,7.0,1.0,9.0,3.0,2.0,36.0,29.0,36.0,36.0,826.0,75.0,453.0,101.0,413.0,298.0,415.0,94.0,377.0,15.0,15.0,16.0,12.0,1.0,4.0,0.66,139.0,139.0,158.0,78.0,0.0,0.0,37.0,10.92,1
1.0,1.0,2.0,1.0,7.0,0.0,5.0,1.0,1.0,6.0,4.0,2.0,19.0,6.0,19.0,19.0,213.0,38.0,105.0,32.0,84.0,72.0,98.0,31.0,78.0,5.0,5.0,5.0,3.0,1.0,1.0,0.69,36.0,36.0,38.0,25.0,0.0,0.0,20.0,21.05,0
2.0,2.0,2.0,1.0,12.0,0.0,10.0,2.0,1.0,7.0,5.0,0.0,8.0,10.0,8.0,8.0,111.0,9.0,83.0,26.0,74.0,19.0,68.0,26.0,59.0,7.0,7.0,7.0,4.0,1.0,4.0,0.23,22.0,22.0,22.0,11.0,0.0,0.0,9.0,50.0,0
1.0,1.0,1.0,1.0,4.0,0.0,4.0,0.0,1.0,1.0,0.0,0.0,6.0,2.0,6.0,11.0,34.0,5.0,29.0,11.0,22.0,0.0,29.0,11.0,22.0,4.0,4.0,4.0,4.0,2.0,3.0,0.0,10.0,10.0,10.0,9.0,0.0,0.0,7.0,66.67,0
1.0,1.0,1.0,1.0,9.0,0.0,7.0,2.0,1.0,2.0,0.0,0.0,11.0,0.0,11.0,11.0,111.0,14.0,84.0,26.0,72.0,22.0,53.0,26.0,41.0,2.0,2.0,2.0,1.0,1.0,1.0,0.26,17.0,17.0,17.0,11.0,0.0,0.0,12.0,0.0,0
1.0,1.0,1.0,1.0,13.0,0.0,10.0,2.0,1.0,6.0,4.0,3.0,31.0,2.0,31.0,31.0,614.0,54.0,454.0,122.0,401.0,107.0,415.0,116.0,367.0,3.0,3.0,4.0,1.0,1.0,3.0,0.24,54.0,54.0,55.0,47.0,0.0,0.0,32.0,37.1,0
1.0,1.0,1.0,1.0,7.0,0.0,7.0,0.0,1.0,2.0,1.0,0.0,9.0,0.0,9.0,18.0,81.0,9.0,71.0,36.0,54.0,5.0,64.0,29.0,54.0,2.0,2.0,2.0,1.0,2.0,1.0,0.07,11.0,11.0,11.0,9.0,0.0,0.0,10.0,11.11,0
1.0,1.0,1.0,1.0,5.0,0.0,4.0,0.0,1.0,1.0,0.0,0.0,10.0,1.0,10.0,19.0,90.0,18.0,64.0,29.0,39.0,8.0,54.0,21.0,37.0,2.0,2.0,2.0,1.0,2.0,2.0,0.12,17.0,17.0,17.0,16.0,0.0,0.0,11.0,85.0,0
1.0,1.0,1.0,1.0,4.0,0.0,4.0,0.0,1.0,0.0,0.0,0.0,3.0,1.0,3.0,3.0,21.0,3.0,18.0,7.0,14.0,0.0,13.0,7.0,9.0,2.0,2.0,2.0,1.0,2.0,1.0,0.0,5.0,5.0,5.0,3.0,0.0,0.0,8.0,33.33,0
1.0,1.0,1.0,1.0,4.0,0.0,3.0,0.0,1.0,0.0,0.0,0.0,2.0,4.0,2.0,2.0,16.0,3.0,13.0,9.0,10.0,0.0,10.0,9.0,7.0,1.0,1.0,1.0,1.0,2.0,0.0,0.0,2.0,2.0,2.0,2.0,0.0,0.0,7.0,70.0,0
1.0,1.0,1.0,1.0,7.0,1.0,5.0,1.0,1.0,1.0,1.0,0.0,2.0,4.0,3.0,3.0,33.0,6.0,23.0,12.0,18.0,4.0,16.0,11.0,12.0,3.0,3.0,3.0,1.0,2.0,1.0,0.17,5.0,5.0,5.0,3.0,0.0,0.0,8.0,33.33,0
2.0,2.0,2.0,1.0,5.0,0.0,5.0,0.0,1.0,0.0,0.0,0.0,7.0,0.0,7.0,7.0,48.0,6.0,40.0,23.0,32.0,2.0,40.0,23.0,32.0,4.0,4.0,4.0,1.0,1.0,1.0,0.05,15.0,15.0,15.0,7.0,0.0,0.0,8.0,14.29,0
1.0,1.0,1.0,1.0,9.0,0.0,8.0,0.0,1.0,2.0,0.0,2.0,6.0,1.0,6.0,6.0,65.0,8.0,56.0,31.0,47.0,1.0,53.0,30.0,44.0,4.0,4.0,4.0,1.0,1.0,2.0,0.02,13.0,13.0,13.0,7.0,0.0,0.0,7.0,41.67,0
5.0,5.0,5.0,2.0,28.0,3.0,21.0,5.0,1.0,3.0,0.0,1.0,6.0,16.0,6.0,12.0,194.0,27.0,141.0,52.0,124.0,34.0,101.0,42.0,94.0,12.0,12.0,12.0,9.0,2.0,3.0,0.24,30.0,30.0,32.0,16.0,0.0,0.0,17.0,29.55,0
1.0,1.0,1.0,1.0,5.0,0.0,4.0,0.0,1.0,1.0,0.0,0.0,10.0,0.0,10.0,10.0,134.0,34.0,100.0,53.0,65.0,0.0,91.0,53.0,56.0,2.0,2.0,2.0,1.0,1.0,1.0,0.0,37.0,37.0,37.0,34.0,0.0,0.0,11.0,0.0,0
3.0,3.0,3.0,1.0,24.0,1.0,15.0,7.0,1.0,7.0,2.0,0.0,8.0,3.0,8.0,12.0,222.0,25.0,125.0,44.0,105.0,72.0,94.0,32.0,85.0,11.0,11.0,12.0,5.0,2.0,3.0,0.58,25.0,25.0,28.0,14.0,0.0,0.0,9.0,33.33,0
1.0,1.0,1.0,1.0,6.0,0.0,6.0,0.0,1.0,0.0,0.0,0.0,6.0,0.0,6.0,6.0,45.0,5.0,40.0,21.0,33.0,0.0,34.0,21.0,27.0,3.0,3.0,3.0,1.0,1.0,2.0,0.0,10.0,10.0,10.0,6.0,0.0,0.0,7.0,0.0,0
3.0,3.0,3.0,1.0,9.0,0.0,9.0,0.0,1.0,1.0,0.0,0.0,10.0,0.0,10.0,10.0,106.0,9.0,94.0,58.0,83.0,3.0,94.0,58.0,83.0,5.0,5.0,5.0,1.0,1.0,4.0,0.03,31.0,31.0,31.0,10.0,0.0,0.0,11.0,0.0,0
1.0,1.0,1.0,1.0,6.0,0.0,6.0,0.0,1.0,0.0,0.0,4.0,6.0,0.0,6.0,6.0,46.0,6.0,37.0,19.0,30.0,5.0,37.0,19.0,30.0,2.0,2.0,2.0,1.0,1.0,1.0,0.14,8.0,8.0,8.0,6.0,0.0,0.0,7.0,100.0,0
1.0,1.0,1.0,1.0,5.0,0.0,4.0,1.0,1.0,0.0,0.0,0.0,4.0,0.0,4.0,4.0,49.0,5.0,40.0,9.0,35.0,4.0,20.0,9.0,15.0,2.0,2.0,2.0,1.0,1.0,1.0,0.1,5.0,5.0,5.0,4.0,0.0,0.0,25.0,25.0,0
2.0,2.0,3.0,2.0,23.0,3.0,14.0,5.0,1.0,4.0,1.0,0.0,15.0,19.0,15.0,15.0,475.0,72.0,235.0,78.0,214.0,168.0,168.0,73.0,152.0,15.0,15.0,17.0,9.0,1.0,4.0,0.71,43.0,43.0,54.0,31.0,0.0,0.0,26.0,21.75,0
1.0,1.0,1.0,1.0,4.0,0.0,4.0,0.0,1.0,0.0,0.0,0.0,12.0,0.0,12.0,12.0,73.0,12.0,57.0,25.0,44.0,4.0,47.0,25.0,34.0,1.0,1.0,1.0,1.0,1.0,0.0,0.07,12.0,12.0,12.0,12.0,0.0,0.0,13.0,0.0,0
1.0,1.0,1.0,1.0,7.0,1.0,3.0,3.0,1.0,3.0,2.0,0.0,11.0,4.0,11.0,36.0,127.0,28.0,44.0,19.0,28.0,55.0,35.0,15.0,23.0,2.0,2.0,3.0,1.0,2.0,1.0,1.25,14.0,14.0,15.0,11.0,0.0,0.0,12.0,28.57,0
1.0,1.0,1.0,1.0,10.0,0.0,9.0,1.0,1.0,2.0,2.0,0.0,7.0,0.0,7.0,7.0,83.0,7.0,66.0,52.0,58.0,10.0,66.0,52.0,58.0,1.0,1.0,1.0,1.0,1.0,1.0,0.15,7.0,7.0,7.0,7.0,0.0,0.0,8.0,0.0,0
1.0,1.0,1.0,1.0,14.0,1.0,12.0,1.0,1.0,2.0,0.0,8.0,21.0,1.0,21.0,21.0,335.0,47.0,266.0,140.0,244.0,22.0,260.0,139.0,238.0,3.0,3.0,3.0,1.0,1.0,2.0,0.08,27.0,27.0,27.0,21.0,0.0,0.0,22.0,0.0,0
1.0,1.0,1.0,1.0,19.0,2.0,15.0,1.0,1.0,1.0,0.0,0.0,6.0,0.0,6.0,6.0,121.0,20.0,91.0,33.0,84.0,10.0,87.0,33.0,80.0,3.0,3.0,3.0,1.0,1.0,2.0,0.11,11.0,11.0,11.0,6.0,0.0,0.0,7.0,0.0,0
2.0,2.0,2.0,1.0,22.0,2.0,18.0,2.0,0.0,26.0,13.0,0.0,66.0,4.0,66.0,66.0,1567.0,234.0,1178.0,477.0,1082.0,165.0,1120.0,474.0,1027.0,9.0,9.0,11.0,7.0,0.0,5.0,0.14,191.0,191.0,196.0,111.0,0.0,0.0,67.0,21.21,1
2.0,2.0,2.0,1.0,10.0,1.0,8.0,1.0,1.0,7.0,5.0,0.0,11.0,0.0,11.0,11.0,149.0,29.0,104.0,47.0,81.0,16.0,86.0,41.0,69.0,4.0,4.0,8.0,4.0,1.0,3.0,0.15,33.0,33.0,42.0,21.0,0.0,0.0,18.0,12.12,0
1.0,1.0,1.0,1.0,3.0,0.0,2.0,0.0,1.0,1.0,0.0,0.0,8.0,0.0,8.0,8.0,33.0,8.0,23.0,13.0,14.0,2.0,23.0,13.0,14.0,3.0,3.0,3.0,1.0,1.0,2.0,0.09,10.0,10.0,10.0,8.0,0.0,0.0,9.0,0.0,0
1.0,1.0,1.0,1.0,5.0,0.0,5.0,0.0,1.0,0.0,0.0,0.0,11.0,0.0,11.0,11.0,67.0,10.0,56.0,31.0,44.0,1.0,56.0,31.0,44.0,1.0,1.0,1.0,1.0,1.0,0.0,0.02,11.0,11.0,11.0,11.0,0.0,0.0,12.0,0.0,0
1.0,1.0,1.0,1.0,2.0,0.0,2.0,0.0,1.0,0.0,0.0,0.0,6.0,0.0,6.0,62.0,45.0,14.0,15.0,9.0,8.0,16.0,15.0,9.0,8.0,1.0,1.0,1.0,1.0,3.0,0.0,1.07,6.0,6.0,6.0,6.0,0.0,0.0,7.0,0.0,0
1.0,1.0,1.0,1.0,2.0,0.0,2.0,0.0,1.0,0.0,0.0,0.0,6.0,0.0,6.0,62.0,35.0,12.0,13.0,7.0,6.0,10.0,13.0,7.0,6.0,1.0,1.0,1.0,1.0,3.0,0.0,0.77,6.0,6.0,6.0,6.0,0.0,0.0,7.0,0.0,0
1.0,1.0,1.0,1.0,3.0,0.0,3.0,0.0,1.0,0.0,0.0,0.0,8.0,0.0,8.0,64.0,54.0,15.0,26.0,16.0,17.0,13.0,26.0,16.0,17.0,1.0,1.0,1.0,1.0,3.0,0.0,0.5,8.0,8.0,8.0,8.0,0.0,0.0,9.0,12.5,0
1.0,1.0,1.0,1.0,2.0,0.0,2.0,0.0,1.0,1.0,0.0,0.0,6.0,0.0,6.0,62.0,45.0,12.0,18.0,10.0,10.0,15.0,18.0,10.0,10.0,1.0,1.0,1.0,1.0,3.0,0.0,0.83,7.0,7.0,7.0,7.0,0.0,0.0,7.0,0.0,0
1.0,1.0,1.0,1.0,4.0,0.0,3.0,0.0,1.0,0.0,0.0,0.0,7.0,2.0,7.0,50.0,60.0,16.0,28.0,21.0,20.0,16.0,28.0,21.0,20.0,1.0,1.0,1.0,1.0,3.0,0.0,0.57,7.0,7.0,7.0,7.0,0.0,0.0,8.0,14.29,0
1.0,1.0,1.0,1.0,7.0,0.0,4.0,2.0,1.0,2.0,1.0,0.0,8.0,7.0,8.0,10.0,67.0,14.0,34.0,22.0,25.0,19.0,30.0,22.0,21.0,2.0,2.0,2.0,1.0,2.0,0.0,0.56,10.0,10.0,10.0,8.0,0.0,0.0,9.0,50.0,0
1.0,1.0,1.0,1.0,6.0,0.0,5.0,0.0,1.0,2.0,0.0,0.0,8.0,0.0,8.0,8.0,58.0,9.0,44.0,29.0,35.0,5.0,44.0,29.0,35.0,1.0,1.0,1.0,1.0,1.0,0.0,0.11,8.0,8.0,8.0,8.0,0.0,0.0,9.0,0.0,0
1.0,1.0,1.0,1.0,7.0,0.0,6.0,0.0,1.0,2.0,0.0,0.0,15.0,4.0,15.0,15.0,123.0,16.0,95.0,39.0,79.0,13.0,95.0,37.0,79.0,1.0,1.0,1.0,1.0,1.0,2.0,0.14,15.0,15.0,15.0,15.0,0.0,0.0,16.0,28.33,0
1.0,1.0,1.0,1.0,20.0,1.0,17.0,1.0,1.0,1.0,0.0,0.0,7.0,0.0,7.0,7.0,154.0,16.0,125.0,36.0,116.0,13.0,72.0,35.0,64.0,3.0,3.0,4.0,1.0,1.0,2.0,0.1,12.0,12.0,13.0,7.0,0.0,0.0,8.0,57.14,0
1.0,1.0,1.0,1.0,2.0,0.0,2.0,0.0,1.0,1.0,1.0,0.0,9.0,0.0,9.0,9.0,30.0,8.0,22.0,12.0,12.0,0.0,22.0,12.0,12.0,2.0,2.0,2.0,1.0,1.0,1.0,0.0,10.0,10.0,10.0,9.0,0.0,0.0,10.0,0.0,0
1.0,1.0,1.0,1.0,7.0,0.0,6.0,1.0,1.0,2.0,1.0,0.0,8.0,6.0,8.0,38.0,67.0,7.0,49.0,22.0,39.0,13.0,44.0,22.0,34.0,3.0,3.0,5.0,1.0,3.0,2.0,0.27,12.0,12.0,15.0,8.0,0.0,0.0,9.0,19.44,0
2.0,2.0,2.0,1.0,21.0,0.0,21.0,0.0,1.0,4.0,3.0,0.0,5.0,0.0,5.0,5.0,118.0,6.0,112.0,41.0,101.0,0.0,77.0,36.0,71.0,3.0,3.0,4.0,1.0,1.0,2.0,0.0,10.0,10.0,11.0,5.0,0.0,0.0,7.0,60.0,0
1.0,1.0,1.0,1.0,5.0,0.0,5.0,0.0,1.0,0.0,0.0,0.0,6.0,0.0,6.0,6.0,45.0,6.0,38.0,21.0,25.0,1.0,32.0,15.0,25.0,1.0,1.0,1.0,1.0,1.0,0.0,0.03,6.0,6.0,6.0,6.0,0.0,0.0,7.0,0.0,0
1.0,1.0,1.0,1.0,6.0,0.0,5.0,0.0,1.0,3.0,0.0,0.0,7.0,0.0,7.0,7.0,51.0,9.0,42.0,18.0,34.0,0.0,36.0,18.0,28.0,4.0,4.0,4.0,1.0,1.0,2.0,0.0,12.0,12.0,12.0,7.0,0.0,0.0,9.0,57.14,0
1.0,1.0,1.0,1.0,5.0,0.0,4.0,0.0,1.0,4.0,0.0,0.0,10.0,4.0,10.0,17.0,69.0,12.0,46.0,22.0,35.0,12.0,44.0,22.0,33.0,2.0,2.0,2.0,1.0,2.0,1.0,0.26,16.0,16.0,16.0,10.0,0.0,0.0,11.0,45.0,0
4.0,4.0,4.0,1.0,15.0,0.0,13.0,1.0,1.0,2.0,1.0,0.0,5.0,0.0,5.0,22.0,87.0,5.0,69.0,26.0,62.0,13.0,62.0,25.0,56.0,12.0,12.0,13.0,3.0,3.0,3.0,0.19,21.0,21.0,22.0,7.0,0.0,0.0,7.0,40.0,0
5.0,5.0,6.0,2.0,27.0,2.0,19.0,5.0,1.0,3.0,0.0,0.0,5.0,3.0,5.0,5.0,151.0,19.0,100.0,34.0,94.0,32.0,89.0,33.0,83.0,12.0,12.0,14.0,4.0,1.0,5.0,0.32,28.0,28.0,31.0,10.0,0.0,0.0,8.0,32.0,0
2.0,2.0,2.0,1.0,18.0,3.0,13.0,1.0,1.0,2.0,0.0,0.0,6.0,8.0,6.0,6.0,119.0,28.0,80.0,24.0,73.0,11.0,70.0,24.0,63.0,3.0,3.0,4.0,3.0,1.0,1.0,0.14,13.0,13.0,14.0,8.0,0.0,0.0,7.0,52.38,0
1.0,1.0,1.0,1.0,6.0,0.0,6.0,0.0,1.0,1.0,0.0,0.0,9.0,0.0,9.0,9.0,70.0,9.0,56.0,14.0,46.0,5.0,37.0,14.0,27.0,3.0,3.0,3.0,1.0,1.0,1.0,0.09,14.0,14.0,15.0,9.0,0.0,0.0,10.0,0.0,0
0.0,0.0,0.0,0.0,0.0,0.0,0.0,0.0,1.0,0.0,0.0,0.0,0.0,0.0,0.0,0.0,9.0,0.0,9.0,4.0,8.0,0.0,4.0,4.0,3.0,0.0,0.0,0.0,0.0,1.0,0.0,0.0,0.0,0.0,0.0,0.0,0.0,0.0,8.0,0.0,0
2.0,2.0,2.0,1.0,9.0,0.0,7.0,1.0,1.0,1.0,0.0,0.0,16.0,9.0,16.0,16.0,169.0,28.0,113.0,45.0,96.0,28.0,107.0,43.0,90.0,6.0,6.0,6.0,4.0,1.0,3.0,0.25,39.0,39.0,39.0,19.0,0.0,0.0,17.0,20.83,0
3.0,3.0,3.0,1.0,17.0,2.0,10.0,4.0,0.0,7.0,1.0,0.0,9.0,18.0,9.0,9.0,174.0,32.0,99.0,43.0,89.0,43.0,90.0,43.0,80.0,10.0,10.0,10.0,1.0,0.0,3.0,0.43,31.0,31.0,32.0,9.0,0.0,0.0,9.0,21.05,0
5.0,5.0,6.0,2.0,27.0,2.0,19.0,5.0,1.0,3.0,0.0,0.0,5.0,3.0,5.0,5.0,151.0,19.0,100.0,34.0,94.0,32.0,89.0,33.0,83.0,12.0,12.0,14.0,4.0,1.0,5.0,0.32,28.0,28.0,31.0,10.0,0.0,0.0,8.0,32.0,0
3.0,3.0,3.0,1.0,12.0,1.0,8.0,2.0,3.0,9.0,6.0,0.0,15.0,4.0,16.0,39.0,276.0,57.0,172.0,75.0,154.0,48.0,164.0,74.0,147.0,6.0,6.0,7.0,6.0,1.0,3.0,0.28,50.0,50.0,53.0,30.0,0.0,0.0,51.0,3.87,1
1.0,1.0,1.0,1.0,2.0,0.0,2.0,0.0,1.0,0.0,0.0,0.0,8.0,1.0,8.0,15.0,25.0,8.0,17.0,10.0,8.0,0.0,17.0,10.0,8.0,1.0,1.0,1.0,1.0,2.0,0.0,0.0,8.0,8.0,8.0,8.0,0.0,0.0,9.0,100.0,0
1.0,1.0,1.0,1.0,8.0,1.0,6.0,0.0,1.0,1.0,0.0,0.0,10.0,5.0,10.0,10.0,102.0,27.0,67.0,28.0,56.0,8.0,58.0,28.0,47.0,3.0,3.0,4.0,3.0,1.0,1.0,0.12,16.0,16.0,17.0,12.0,0.0,0.0,11.0,34.0,0
3.0,3.0,3.0,1.0,18.0,3.0,9.0,5.0,0.0,4.0,3.0,0.0,14.0,7.0,14.0,14.0,270.0,57.0,135.0,50.0,119.0,78.0,129.0,48.0,114.0,18.0,18.0,20.0,3.0,0.0,3.0,0.58,46.0,46.0,49.0,16.0,0.0,0.0,14.0,21.43,0
1.0,1.0,1.0,1.0,10.0,1.0,8.0,0.0,1.0,3.0,2.0,0.0,9.0,0.0,9.0,9.0,102.0,22.0,80.0,26.0,70.0,0.0,58.0,26.0,48.0,1.0,1.0,1.0,1.0,1.0,0.0,0.0,9.0,9.0,9.0,9.0,0.0,0.0,10.0,0.0,0
1.0,1.0,1.0,1.0,8.0,0.0,6.0,1.0,1.0,10.0,8.0,2.0,20.0,1.0,20.0,20.0,209.0,24.0,143.0,52.0,112.0,42.0,103.0,45.0,78.0,7.0,7.0,9.0,6.0,1.0,2.0,0.29,33.0,33.0,39.0,25.0,0.0,0.0,24.0,11.36,0
3.0,3.0,3.0,1.0,10.0,0.0,10.0,0.0,1.0,2.0,0.0,0.0,4.0,11.0,4.0,4.0,49.0,3.0,46.0,17.0,41.0,0.0,34.0,17.0,29.0,12.0,12.0,12.0,1.0,1.0,2.0,0.0,15.0,15.0,15.0,4.0,0.0,0.0,7.0,50.0,0
3.0,3.0,3.0,1.0,14.0,1.0,8.0,5.0,1.0,0.0,0.0,0.0,7.0,0.0,7.0,50.0,111.0,14.0,57.0,21.0,49.0,41.0,47.0,21.0,39.0,8.0,8.0,8.0,1.0,3.0,6.0,0.72,21.0,21.0,21.0,7.0,0.0,0.0,8.0,57.14,0
2.0,2.0,2.0,1.0,25.0,4.0,8.0,13.0,1.0,2.0,1.0,0.0,16.0,1.0,16.0,44.0,466.0,89.0,152.0,68.0,126.0,225.0,109.0,59.0,92.0,5.0,5.0,5.0,1.0,2.0,1.0,1.48,32.0,32.0,32.0,16.0,0.0,0.0,30.0,5.21,0
1.0,1.0,1.0,1.0,4.0,0.0,3.0,0.0,1.0,10.0,2.0,1.0,23.0,0.0,23.0,23.0,147.0,28.0,79.0,31.0,55.0,40.0,75.0,30.0,51.0,4.0,4.0,6.0,4.0,1.0,2.0,0.51,33.0,33.0,36.0,28.0,0.0,0.0,24.0,4.35,0
3.0,3.0,3.0,1.0,9.0,0.0,9.0,0.0,1.0,3.0,3.0,0.0,3.0,3.0,3.0,37.0,36.0,3.0,33.0,8.0,29.0,0.0,23.0,8.0,19.0,7.0,7.0,7.0,3.0,2.0,2.0,0.0,11.0,11.0,11.0,5.0,0.0,0.0,9.0,58.33,0
2.0,2.0,2.0,1.0,17.0,1.0,9.0,6.0,1.0,4.0,2.0,0.0,13.0,20.0,13.0,13.0,249.0,35.0,130.0,45.0,110.0,85.0,91.0,39.0,77.0,16.0,16.0,16.0,5.0,1.0,1.0,0.65,38.0,38.0,38.0,17.0,0.0,0.0,23.0,19.08,0
3.0,3.0,3.0,1.0,43.0,5.0,9.0,27.0,1.0,2.0,1.0,0.0,20.0,1.0,20.0,48.0,904.0,136.0,207.0,70.0,176.0,561.0,174.0,60.0,153.0,8.0,8.0,8.0,1.0,2.0,1.0,2.71,66.0,66.0,66.0,20.0,0.0,0.0,33.0,4.17,0
1.0,1.0,1.0,1.0,4.0,0.0,4.0,0.0,1.0,1.0,1.0,0.0,2.0,2.0,2.0,5.0,20.0,2.0,18.0,6.0,15.0,0.0,10.0,6.0,7.0,2.0,2.0,2.0,1.0,2.0,1.0,0.0,3.0,3.0,3.0,2.0,0.0,0.0,10.0,50.0,0
3.0,3.0,3.0,1.0,32.0,4.0,10.0,18.0,1.0,6.0,2.0,0.0,26.0,17.0,26.0,87.0,913.0,134.0,274.0,91.0,224.0,506.0,183.0,67.0,156.0,18.0,18.0,20.0,9.0,2.0,4.0,1.85,79.0,79.0,84.0,37.0,0.0,0.0,27.0,11.32,0
3.0,3.0,3.0,2.0,14.0,0.0,13.0,1.0,1.0,3.0,0.0,0.0,5.0,3.0,6.0,34.0,116.0,13.0,87.0,30.0,79.0,17.0,79.0,29.0,72.0,8.0,8.0,10.0,8.0,2.0,3.0,0.2,18.0,18.0,20.0,13.0,0.0,0.0,14.0,33.33,0
0.0,0.0,0.0,0.0,0.0,0.0,0.0,0.0,1.0,0.0,0.0,0.0,0.0,0.0,0.0,41.0,20.0,0.0,20.0,9.0,19.0,0.0,9.0,9.0,8.0,0.0,0.0,0.0,0.0,3.0,0.0,0.0,0.0,0.0,0.0,0.0,0.0,0.0,9.0,0.0,0
4.0,4.0,4.0,1.0,26.0,2.0,15.0,9.0,1.0,10.0,8.0,0.0,11.0,30.0,11.0,11.0,369.0,38.0,170.0,56.0,146.0,161.0,105.0,44.0,93.0,26.0,26.0,26.0,9.0,1.0,3.0,0.95,50.0,50.0,50.0,21.0,0.0,0.0,12.0,21.99,0
3.0,3.0,3.0,1.0,17.0,1.0,10.0,5.0,1.0,4.0,2.0,0.0,11.0,13.0,11.0,11.0,203.0,25.0,119.0,42.0,103.0,59.0,91.0,38.0,79.0,11.0,11.0,11.0,4.0,1.0,2.0,0.5,33.0,33.0,34.0,14.0,0.0,0.0,12.0,30.07,0
3.0,3.0,4.0,1.0,11.0,0.0,10.0,0.0,1.0,13.0,3.0,0.0,26.0,15.0,26.0,26.0,338.0,39.0,285.0,98.0,253.0,14.0,265.0,93.0,237.0,23.0,23.0,24.0,6.0,1.0,6.0,0.05,99.0,99.0,104.0,43.0,0.0,0.0,27.0,12.05,0
1.0,1.0,1.0,1.0,4.0,0.0,4.0,0.0,1.0,2.0,2.0,3.0,12.0,8.0,12.0,12.0,77.0,12.0,51.0,21.0,38.0,14.0,44.0,21.0,31.0,6.0,6.0,6.0,3.0,1.0,1.0,0.27,21.0,21.0,21.0,14.0,0.0,0.0,13.0,19.79,0
1.0,1.0,1.0,1.0,4.0,0.0,3.0,1.0,1.0,0.0,0.0,0.0,5.0,0.0,5.0,7.0,36.0,7.0,23.0,13.0,12.0,6.0,13.0,8.0,7.0,1.0,1.0,1.0,1.0,2.0,0.0,0.26,5.0,5.0,5.0,5.0,0.0,0.0,8.0,90.0,0
1.0,1.0,1.0,1.0,9.0,0.0,7.0,1.0,1.0,8.0,8.0,0.0,6.0,2.0,6.0,7.0,60.0,6.0,45.0,16.0,38.0,9.0,32.0,14.0,25.0,1.0,1.0,1.0,1.0,2.0,0.0,0.2,6.0,6.0,6.0,6.0,0.0,0.0,7.0,58.33,0
1.0,1.0,1.0,1.0,9.0,0.0,8.0,0.0,1.0,4.0,2.0,0.0,8.0,11.0,8.0,8.0,83.0,14.0,67.0,35.0,58.0,2.0,55.0,35.0,46.0,1.0,1.0,1.0,1.0,1.0,1.0,0.03,8.0,8.0,8.0,8.0,0.0,0.0,9.0,31.82,0
1.0,1.0,1.0,1.0,9.0,0.0,9.0,0.0,1.0,5.0,2.0,0.0,10.0,2.0,12.0,12.0,132.0,11.0,121.0,25.0,106.0,0.0,71.0,23.0,58.0,2.0,2.0,2.0,1.0,1.0,1.0,0.0,13.0,13.0,13.0,12.0,0.0,0.0,14.0,79.17,0
1.0,1.0,1.0,1.0,28.0,3.0,21.0,3.0,1.0,6.0,4.0,0.0,8.0,0.0,8.0,8.0,268.0,42.0,191.0,65.0,181.0,35.0,176.0,65.0,166.0,6.0,6.0,6.0,1.0,1.0,2.0,0.18,17.0,17.0,17.0,9.0,0.0,0.0,10.0,0.0,0
1.0,1.0,1.0,1.0,11.0,0.0,11.0,0.0,1.0,3.0,2.0,0.0,9.0,0.0,9.0,9.0,115.0,9.0,104.0,45.0,94.0,2.0,67.0,45.0,57.0,1.0,1.0,1.0,1.0,1.0,0.0,0.02,9.0,9.0,9.0,9.0,0.0,0.0,10.0,0.0,0
1.0,1.0,1.0,1.0,8.0,2.0,6.0,0.0,1.0,2.0,2.0,0.0,1.0,0.0,1.0,3.0,16.0,3.0,13.0,4.0,11.0,0.0,6.0,4.0,4.0,1.0,1.0,1.0,1.0,2.0,0.0,0.0,1.0,1.0,1.0,1.0,0.0,0.0,7.0,0.0,0
1.0,1.0,1.0,1.0,11.0,0.0,9.0,1.0,1.0,3.0,2.0,0.0,2.0,0.0,2.0,4.0,31.0,3.0,26.0,7.0,23.0,2.0,16.0,6.0,13.0,2.0,2.0,2.0,1.0,2.0,1.0,0.08,3.0,3.0,3.0,2.0,0.0,0.0,8.0,50.0,0
1.0,1.0,1.0,1.0,6.0,0.0,6.0,0.0,1.0,1.0,1.0,0.0,6.0,1.0,6.0,6.0,43.0,5.0,38.0,9.0,31.0,0.0,20.0,9.0,13.0,2.0,2.0,2.0,1.0,1.0,1.0,0.0,7.0,7.0,7.0,6.0,0.0,0.0,7.0,83.33,0
1.0,1.0,1.0,1.0,2.0,0.0,2.0,0.0,1.0,1.0,1.0,0.0,7.0,0.0,7.0,7.0,23.0,6.0,17.0,9.0,9.0,0.0,17.0,9.0,9.0,1.0,1.0,1.0,1.0,1.0,0.0,0.0,7.0,7.0,7.0,7.0,0.0,0.0,8.0,0.0,0
1.0,1.0,1.0,1.0,6.0,0.0,5.0,0.0,1.0,2.0,1.0,0.0,12.0,4.0,12.0,12.0,91.0,16.0,69.0,27.0,56.0,10.0,57.0,27.0,44.0,2.0,2.0,2.0,1.0,1.0,1.0,0.14,13.0,13.0,13.0,12.0,0.0,0.0,13.0,25.0,0
1.0,1.0,1.0,1.0,21.0,1.0,20.0,0.0,1.0,3.0,0.0,0.0,4.0,0.0,4.0,12.0,94.0,9.0,82.0,8.0,13.0,3.0,17.0,8.0,12.0,1.0,1.0,1.0,1.0,2.0,0.0,0.04,4.0,4.0,4.0,4.0,0.0,0.0,7.0,16.67,0
1.0,1.0,1.0,1.0,2.0,0.0,2.0,0.0,1.0,0.0,0.0,0.0,7.0,0.0,7.0,7.0,24.0,6.0,18.0,8.0,10.0,0.0,16.0,8.0,8.0,1.0,1.0,1.0,1.0,1.0,0.0,0.0,7.0,7.0,7.0,7.0,0.0,0.0,8.0,0.0,0
1.0,1.0,1.0,1.0,4.0,0.0,3.0,1.0,1.0,0.0,0.0,0.0,4.0,0.0,4.0,4.0,49.0,10.0,19.0,12.0,12.0,20.0,17.0,10.0,12.0,2.0,2.0,2.0,1.0,1.0,0.0,1.05,6.0,6.0,6.0,4.0,0.0,0.0,8.0,41.67,0
2.0,2.0,2.0,1.0,21.0,1.0,8.0,11.0,1.0,5.0,1.0,1.0,12.0,0.0,12.0,16.0,320.0,45.0,130.0,41.0,109.0,146.0,89.0,34.0,76.0,7.0,7.0,7.0,1.0,2.0,2.0,1.12,33.0,33.0,34.0,12.0,0.0,0.0,17.0,15.0,0
4.0,4.0,4.0,1.0,30.0,3.0,16.0,10.0,1.0,6.0,2.0,25.0,5.0,0.0,5.0,5.0,183.0,28.0,86.0,31.0,80.0,71.0,78.0,30.0,72.0,10.0,10.0,10.0,4.0,1.0,4.0,0.83,22.0,22.0,22.0,8.0,0.0,0.0,10.0,24.0,0
1.0,1.0,1.0,1.0,9.0,1.0,4.0,3.0,1.0,1.0,0.0,2.0,8.0,6.0,8.0,8.0,92.0,21.0,40.0,19.0,30.0,32.0,36.0,18.0,27.0,2.0,2.0,3.0,1.0,1.0,1.0,0.8,12.0,12.0,15.0,8.0,0.0,0.0,11.0,20.31,0
3.0,3.0,3.0,1.0,16.0,1.0,12.0,2.0,1.0,6.0,2.0,0.0,10.0,2.0,10.0,15.0,208.0,28.0,152.0,29.0,134.0,28.0,115.0,25.0,103.0,15.0,15.0,15.0,9.0,2.0,3.0,0.18,37.0,37.0,37.0,19.0,0.0,0.0,14.0,18.57,0
1.0,1.0,1.0,1.0,6.0,0.0,3.0,2.0,1.0,0.0,0.0,0.0,7.0,0.0,7.0,9.0,50.0,8.0,27.0,17.0,19.0,15.0,27.0,17.0,19.0,1.0,1.0,1.0,1.0,2.0,0.0,0.56,7.0,7.0,7.0,7.0,0.0,0.0,8.0,28.57,0
1.0,1.0,1.0,1.0,2.0,0.0,2.0,0.0,1.0,0.0,0.0,0.0,10.0,2.0,10.0,10.0,38.0,9.0,29.0,15.0,17.0,0.0,28.0,15.0,16.0,3.0,3.0,3.0,3.0,1.0,1.0,0.0,12.0,12.0,14.0,12.0,0.0,0.0,11.0,30.0,0
4.0,4.0,4.0,2.0,27.0,1.0,12.0,14.0,1.0,2.0,0.0,0.0,5.0,0.0,5.0,5.0,162.0,17.0,66.0,18.0,59.0,81.0,60.0,17.0,54.0,9.0,9.0,9.0,7.0,1.0,3.0,1.23,20.0,20.0,20.0,13.0,0.0,0.0,10.0,36.0,0
2.0,2.0,2.0,2.0,10.0,0.0,9.0,1.0,1.0,2.0,0.0,0.0,5.0,0.0,5.0,5.0,65.0,7.0,49.0,18.0,43.0,9.0,44.0,18.0,38.0,6.0,6.0,6.0,6.0,1.0,2.0,0.18,14.0,14.0,14.0,13.0,0.0,0.0,8.0,6.67,0
1.0,1.0,1.0,1.0,17.0,0.0,15.0,1.0,1.0,3.0,0.0,0.0,8.0,0.0,8.0,8.0,145.0,7.0,124.0,30.0,115.0,14.0,80.0,30.0,71.0,1.0,1.0,1.0,1.0,1.0,0.0,0.11,8.0,8.0,8.0,8.0,0.0,0.0,9.0,0.0,0
1.0,1.0,1.0,1.0,10.0,0.0,9.0,0.0,1.0,3.0,0.0,0.0,9.0,3.0,9.0,9.0,123.0,12.0,100.0,30.0,86.0,11.0,96.0,30.0,82.0,2.0,2.0,2.0,1.0,1.0,1.0,0.11,15.0,15.0,15.0,12.0,0.0,0.0,10.0,37.04,0
1.0,1.0,1.0,1.0,10.0,1.0,7.0,1.0,1.0,3.0,0.0,0.0,6.0,0.0,6.0,6.0,124.0,21.0,93.0,21.0,86.0,10.0,48.0,21.0,41.0,2.0,2.0,2.0,1.0,1.0,1.0,0.11,8.0,8.0,8.0,6.0,0.0,0.0,52.0,16.67,1
1.0,1.0,1.0,1.0,5.0,0.0,5.0,0.0,1.0,1.0,0.0,0.0,6.0,2.0,6.0,6.0,37.0,5.0,32.0,12.0,25.0,0.0,28.0,12.0,21.0,1.0,1.0,1.0,1.0,1.0,0.0,0.0,6.0,6.0,6.0,6.0,0.0,0.0,7.0,66.67,0
1.0,1.0,1.0,1.0,8.0,0.0,7.0,0.0,1.0,2.0,0.0,0.0,6.0,0.0,6.0,8.0,56.0,5.0,48.0,30.0,41.0,3.0,48.0,30.0,41.0,3.0,3.0,3.0,1.0,2.0,1.0,0.06,10.0,10.0,10.0,6.0,0.0,0.0,7.0,0.0,0
1.0,1.0,1.0,1.0,6.0,0.0,4.0,1.0,1.0,2.0,0.0,0.0,7.0,3.0,7.0,7.0,67.0,15.0,30.0,15.0,21.0,22.0,30.0,15.0,21.0,3.0,3.0,3.0,3.0,1.0,2.0,0.73,12.0,12.0,12.0,10.0,0.0,0.0,8.0,52.38,0
9.0,9.0,10.0,6.0,47.0,2.0,44.0,0.0,1.0,0.0,0.0,4.0,2.0,0.0,2.0,22.0,108.0,7.0,100.0,34.0,97.0,1.0,82.0,34.0,79.0,17.0,17.0,18.0,11.0,2.0,3.0,0.01,19.0,19.0,20.0,12.0,0.0,0.0,12.0,28.57,0
4.0,4.0,4.0,1.0,9.0,0.0,9.0,0.0,1.0,1.0,0.0,0.0,3.0,1.0,3.0,3.0,41.0,5.0,32.0,17.0,28.0,4.0,33.0,17.0,29.0,11.0,11.0,11.0,1.0,1.0,4.0,0.12,13.0,13.0,13.0,3.0,0.0,0.0,7.0,11.11,0
0.0,0.0,0.0,0.0,0.0,0.0,0.0,0.0,1.0,0.0,0.0,0.0,0.0,0.0,0.0,39.0,18.0,3.0,15.0,7.0,14.0,0.0,7.0,7.0,6.0,0.0,0.0,0.0,0.0,4.0,0.0,0.0,0.0,0.0,0.0,0.0,0.0,0.0,14.0,0.0,0
1.0,1.0,1.0,1.0,2.0,0.0,2.0,0.0,1.0,6.0,0.0,0.0,66.0,1.0,66.0,66.0,238.0,68.0,168.0,70.0,101.0,2.0,162.0,70.0,95.0,3.0,3.0,3.0,1.0,1.0,1.0,0.01,73.0,73.0,73.0,66.0,0.0,0.0,69.0,30.81,1
1.0,1.0,1.0,1.0,25.0,4.0,19.0,1.0,1.0,1.0,0.0,0.0,12.0,0.0,12.0,12.0,291.0,57.0,218.0,77.0,204.0,16.0,215.0,77.0,201.0,2.0,2.0,2.0,1.0,1.0,1.0,0.07,16.0,16.0,16.0,13.0,0.0,0.0,13.0,0.0,0
1.0,1.0,1.0,1.0,7.0,0.0,7.0,0.0,1.0,4.0,0.0,0.0,10.0,0.0,10.0,10.0,96.0,10.0,86.0,29.0,75.0,0.0,66.0,29.0,55.0,1.0,1.0,1.0,1.0,1.0,1.0,0.0,10.0,10.0,10.0,10.0,0.0,0.0,22.0,24.55,0
2.0,2.0,2.0,1.0,11.0,0.0,10.0,0.0,1.0,1.0,0.0,0.0,9.0,0.0,9.0,9.0,116.0,12.0,98.0,47.0,88.0,6.0,97.0,45.0,87.0,3.0,3.0,5.0,1.0,1.0,3.0,0.06,22.0,22.0,24.0,9.0,0.0,0.0,12.0,66.67,0
1.0,1.0,1.0,1.0,7.0,0.0,6.0,1.0,1.0,8.0,1.0,0.0,28.0,0.0,28.0,28.0,245.0,37.0,176.0,81.0,138.0,33.0,158.0,81.0,120.0,2.0,2.0,2.0,1.0,1.0,2.0,0.19,38.0,38.0,38.0,31.0,0.0,0.0,29.0,0.0,0
1.0,1.0,1.0,1.0,8.0,0.0,7.0,2.0,1.0,1.0,1.0,0.0,6.0,0.0,6.0,6.0,60.0,6.0,44.0,19.0,37.0,18.0,44.0,19.0,37.0,1.0,1.0,1.0,1.0,1.0,0.0,0.41,6.0,6.0,6.0,6.0,0.0,0.0,7.0,0.0,0
1.0,1.0,1.0,1.0,2.0,0.0,2.0,0.0,1.0,2.0,0.0,0.0,7.0,0.0,7.0,100.0,28.0,1.0,18.0,11.0,10.0,9.0,18.0,11.0,10.0,1.0,1.0,1.0,1.0,2.0,0.0,0.5,7.0,7.0,7.0,7.0,0.0,0.0,11.0,7.14,0
1.0,1.0,1.0,1.0,16.0,0.0,14.0,2.0,1.0,10.0,3.0,0.0,29.0,1.0,29.0,29.0,522.0,33.0,421.0,142.0,387.0,68.0,398.0,142.0,364.0,2.0,2.0,2.0,1.0,1.0,1.0,0.16,32.0,32.0,32.0,30.0,0.0,0.0,30.0,3.45,0
1.0,1.0,1.0,1.0,11.0,0.0,9.0,2.0,1.0,6.0,4.0,0.0,10.0,1.0,10.0,10.0,129.0,11.0,97.0,43.0,86.0,21.0,95.0,43.0,84.0,1.0,1.0,1.0,1.0,1.0,1.0,0.22,10.0,10.0,10.0,10.0,0.0,0.0,11.0,50.0,0
1.0,1.0,1.0,1.0,12.0,1.0,4.0,5.0,1.0,7.0,0.0,6.0,60.0,2.0,65.0,65.0,944.0,180.0,334.0,145.0,247.0,430.0,300.0,119.0,234.0,5.0,5.0,6.0,5.0,1.0,2.0,1.29,114.0,114.0,123.0,75.0,0.0,0.0,70.0,14.19,1
1.0,1.0,1.0,1.0,5.0,0.0,5.0,0.0,1.0,1.0,0.0,0.0,7.0,0.0,7.0,7.0,49.0,9.0,38.0,22.0,30.0,2.0,38.0,22.0,30.0,2.0,2.0,2.0,1.0,1.0,1.0,0.05,11.0,11.0,11.0,7.0,0.0,0.0,8.0,0.0,0
1.0,1.0,1.0,1.0,2.0,0.0,2.0,0.0,1.0,0.0,0.0,0.0,3.0,1.0,3.0,3.0,19.0,4.0,11.0,8.0,7.0,6.0,10.0,8.0,6.0,1.0,1.0,1.0,1.0,1.0,0.0,0.55,3.0,3.0,3.0,3.0,0.0,0.0,7.0,16.67,0
1.0,1.0,1.0,1.0,4.0,0.0,3.0,0.0,1.0,4.0,0.0,0.0,19.0,2.0,19.0,19.0,97.0,19.0,60.0,35.0,40.0,18.0,64.0,35.0,44.0,3.0,3.0,3.0,1.0,1.0,1.0,0.3,25.0,25.0,25.0,19.0,0.0,0.0,20.0,126.32,0
2.0,2.0,3.0,2.0,18.0,2.0,8.0,7.0,1.0,4.0,0.0,0.0,19.0,9.0,19.0,19.0,427.0,75.0,181.0,60.0,157.0,174.0,173.0,55.0,153.0,10.0,10.0,14.0,7.0,1.0,4.0,0.96,53.0,53.0,61.0,39.0,0.0,0.0,31.0,20.53,0
1.0,1.0,1.0,1.0,7.0,0.0,2.0,3.0,1.0,2.0,0.0,2.0,12.0,3.0,12.0,12.0,119.0,23.0,36.0,17.0,23.0,60.0,33.0,17.0,20.0,2.0,2.0,3.0,1.0,1.0,1.0,1.67,14.0,14.0,16.0,12.0,0.0,0.0,15.0,38.89,0
1.0,1.0,1.0,1.0,6.0,0.0,4.0,1.0,1.0,4.0,0.0,0.0,4.0,2.0,5.0,12.0,42.0,6.0,23.0,12.0,16.0,13.0,21.0,11.0,15.0,3.0,3.0,3.0,1.0,2.0,1.0,0.57,8.0,8.0,8.0,5.0,0.0,0.0,7.0,50.0,0
1.0,1.0,1.0,1.0,15.0,1.0,6.0,7.0,1.0,2.0,0.0,0.0,5.0,3.0,5.0,5.0,85.0,10.0,35.0,16.0,29.0,41.0,35.0,16.0,29.0,4.0,4.0,4.0,4.0,1.0,3.0,1.17,9.0,9.0,9.0,8.0,0.0,0.0,7.0,70.0,0
1.0,1.0,2.0,1.0,5.0,0.0,5.0,0.0,1.0,2.0,0.0,0.0,14.0,2.0,14.0,48.0,87.0,14.0,71.0,22.0,56.0,2.0,64.0,21.0,49.0,6.0,6.0,9.0,6.0,2.0,3.0,0.03,27.0,27.0,31.0,19.0,0.0,0.0,15.0,50.0,0
2.0,2.0,2.0,1.0,11.0,0.0,9.0,1.0,1.0,16.0,13.0,0.0,46.0,19.0,46.0,46.0,606.0,88.0,445.0,120.0,398.0,85.0,385.0,112.0,338.0,10.0,10.0,11.0,6.0,1.0,4.0,0.19,96.0,96.0,100.0,58.0,0.0,0.0,60.0,6.73,1
1.0,1.0,1.0,1.0,3.0,0.0,3.0,0.0,1.0,0.0,0.0,0.0,10.0,4.0,10.0,20.0,55.0,9.0,36.0,21.0,25.0,10.0,36.0,21.0,25.0,5.0,5.0,6.0,5.0,2.0,3.0,0.28,14.0,14.0,15.0,14.0,0.0,0.0,12.0,40.0,0
5.0,5.0,6.0,3.0,25.0,3.0,12.0,9.0,1.0,8.0,0.0,2.0,5.0,6.0,6.0,11.0,199.0,37.0,78.0,27.0,69.0,88.0,74.0,25.0,67.0,11.0,11.0,13.0,9.0,2.0,4.0,1.13,32.0,32.0,36.0,21.0,0.0,0.0,7.0,41.67,0
2.0,2.0,2.0,1.0,10.0,0.0,8.0,2.0,1.0,2.0,1.0,0.0,9.0,4.0,9.0,25.0,119.0,18.0,73.0,33.0,63.0,28.0,70.0,33.0,60.0,5.0,5.0,5.0,1.0,3.0,3.0,0.38,19.0,19.0,20.0,9.0,0.0,0.0,11.0,33.33,0
1.0,1.0,1.0,1.0,3.0,0.0,3.0,0.0,1.0,1.0,1.0,0.0,8.0,1.0,8.0,18.0,40.0,8.0,32.0,10.0,23.0,0.0,21.0,10.0,12.0,3.0,3.0,3.0,1.0,2.0,1.0,0.0,10.0,10.0,10.0,8.0,0.0,0.0,9.0,50.0,0
6.0,6.0,7.0,3.0,20.0,1.0,19.0,0.0,1.0,2.0,0.0,0.0,5.0,10.0,5.0,32.0,114.0,14.0,99.0,30.0,93.0,1.0,84.0,30.0,78.0,27.0,27.0,31.0,11.0,3.0,5.0,0.01,32.0,32.0,36.0,15.0,0.0,0.0,9.0,40.0,0
1.0,1.0,1.0,1.0,4.0,0.0,3.0,1.0,2.0,1.0,0.0,1.0,6.0,0.0,6.0,29.0,35.0,1.0,24.0,8.0,16.0,10.0,18.0,7.0,11.0,3.0,3.0,4.0,3.0,3.0,1.0,0.42,8.0,8.0,9.0,8.0,0.0,0.0,8.0,0.0,0
2.0,2.0,3.0,1.0,11.0,0.0,8.0,2.0,1.0,8.0,2.0,0.0,20.0,4.0,20.0,30.0,282.0,42.0,173.0,60.0,149.0,67.0,161.0,52.0,138.0,11.0,11.0,14.0,4.0,2.0,4.0,0.39,57.0,57.0,65.0,31.0,0.0,0.0,25.0,10.83,0
2.0,2.0,2.0,1.0,13.0,0.0,9.0,3.0,1.0,4.0,3.0,0.0,20.0,12.0,20.0,20.0,374.0,45.0,220.0,71.0,195.0,116.0,214.0,71.0,189.0,9.0,9.0,9.0,5.0,1.0,4.0,0.53,58.0,58.0,58.0,34.0,0.0,0.0,29.0,12.62,0
2.0,2.0,3.0,1.0,11.0,1.0,7.0,3.0,1.0,2.0,0.0,0.0,11.0,4.0,11.0,45.0,156.0,23.0,80.0,34.0,69.0,53.0,87.0,34.0,75.0,7.0,7.0,8.0,4.0,2.0,3.0,0.66,32.0,32.0,33.0,19.0,0.0,0.0,13.0,36.36,0
1.0,1.0,1.0,1.0,3.0,0.0,3.0,0.0,1.0,1.0,0.0,0.0,6.0,3.0,6.0,6.0,40.0,7.0,21.0,10.0,14.0,12.0,19.0,10.0,12.0,3.0,3.0,3.0,3.0,1.0,1.0,0.57,8.0,8.0,8.0,8.0,0.0,0.0,8.0,50.0,0
3.0,3.0,3.0,1.0,22.0,2.0,13.0,6.0,1.0,6.0,1.0,0.0,6.0,6.0,6.0,6.0,182.0,25.0,97.0,45.0,89.0,61.0,89.0,44.0,81.0,15.0,15.0,15.0,1.0,1.0,3.0,0.63,25.0,25.0,25.0,7.0,0.0,0.0,8.0,44.44,0
2.0,2.0,2.0,1.0,24.0,2.0,14.0,8.0,1.0,5.0,3.0,0.0,7.0,6.0,8.0,13.0,202.0,28.0,116.0,35.0,105.0,67.0,74.0,34.0,64.0,6.0,6.0,6.0,4.0,2.0,3.0,0.58,21.0,21.0,21.0,14.0,0.0,0.0,9.0,35.42,0
3.0,3.0,3.0,1.0,23.0,2.0,8.0,13.0,1.0,3.0,2.0,0.0,10.0,2.0,10.0,15.0,299.0,36.0,83.0,38.0,72.0,180.0,82.0,38.0,71.0,8.0,8.0,10.0,3.0,2.0,5.0,2.17,30.0,30.0,35.0,12.0,0.0,0.0,12.0,50.0,0
1.0,1.0,1.0,1.0,2.0,0.0,2.0,0.0,1.0,2.0,0.0,0.0,8.0,2.0,8.0,21.0,26.0,7.0,19.0,11.0,10.0,0.0,19.0,11.0,10.0,1.0,1.0,1.0,1.0,3.0,0.0,0.0,8.0,8.0,8.0,8.0,0.0,0.0,9.0,45.0,0
2.0,2.0,2.0,1.0,16.0,2.0,9.0,4.0,1.0,13.0,9.0,0.0,15.0,3.0,15.0,15.0,269.0,54.0,148.0,61.0,132.0,74.0,134.0,61.0,118.0,11.0,11.0,11.0,11.0,1.0,2.0,0.5,38.0,38.0,39.0,27.0,0.0,0.0,19.0,10.48,0
1.0,1.0,1.0,1.0,1.0,0.0,1.0,0.0,2.0,0.0,0.0,0.0,9.0,0.0,9.0,23.0,29.0,9.0,20.0,13.0,10.0,0.0,20.0,11.0,10.0,1.0,1.0,2.0,1.0,3.0,0.0,0.0,9.0,9.0,10.0,9.0,0.0,0.0,12.0,0.0,0
52.0,52.0,76.0,17.0,214.0,30.0,169.0,15.0,1.0,0.0,0.0,0.0,1.0,0.0,1.0,6.0,265.0,34.0,192.0,15.0,190.0,39.0,147.0,15.0,145.0,52.0,52.0,76.0,17.0,4.0,4.0,0.2,52.0,52.0,76.0,17.0,0.0,0.0,24.0,100.0,0
4.0,4.0,4.0,1.0,37.0,4.0,15.0,17.0,1.0,7.0,1.0,0.0,15.0,11.0,15.0,15.0,583.0,81.0,235.0,84.0,218.0,270.0,212.0,82.0,196.0,15.0,15.0,15.0,11.0,1.0,5.0,1.15,64.0,64.0,66.0,28.0,0.0,0.0,16.0,33.94,0
2.0,2.0,3.0,1.0,13.0,2.0,7.0,4.0,2.0,2.0,1.0,2.0,6.0,3.0,6.0,15.0,129.0,28.0,44.0,22.0,34.0,57.0,41.0,19.0,34.0,5.0,5.0,7.0,1.0,3.0,2.0,1.3,15.0,15.0,18.0,6.0,0.0,0.0,8.0,66.67,0
1.0,1.0,1.0,1.0,19.0,0.0,14.0,4.0,1.0,2.0,1.0,0.0,29.0,0.0,29.0,29.0,601.0,42.0,435.0,62.0,405.0,124.0,261.0,62.0,231.0,2.0,2.0,2.0,1.0,1.0,1.0,0.29,30.0,30.0,30.0,29.0,0.0,0.0,30.0,0.0,1
2.0,2.0,2.0,1.0,14.0,1.0,12.0,0.0,1.0,2.0,0.0,1.0,4.0,0.0,4.0,16.0,63.0,9.0,54.0,14.0,47.0,0.0,33.0,14.0,26.0,5.0,5.0,5.0,1.0,3.0,2.0,0.0,9.0,9.0,9.0,4.0,0.0,0.0,7.0,25.0,0
2.0,2.0,2.0,2.0,11.0,1.0,9.0,1.0,1.0,1.0,1.0,0.0,8.0,6.0,8.0,8.0,114.0,25.0,75.0,27.0,66.0,17.0,75.0,27.0,66.0,5.0,5.0,5.0,5.0,1.0,2.0,0.23,21.0,21.0,21.0,17.0,0.0,0.0,11.0,31.73,0
1.0,1.0,1.0,1.0,6.0,0.0,4.0,1.0,1.0,0.0,0.0,0.0,5.0,0.0,5.0,5.0,55.0,9.0,26.0,11.0,20.0,20.0,23.0,11.0,17.0,2.0,2.0,2.0,1.0,1.0,1.0,0.77,8.0,8.0,8.0,5.0,0.0,0.0,7.0,50.0,0
1.0,1.0,1.0,1.0,10.0,1.0,5.0,4.0,1.0,16.0,9.0,21.0,71.0,25.0,71.0,71.0,884.0,156.0,374.0,131.0,294.0,358.0,342.0,127.0,266.0,9.0,9.0,9.0,4.0,1.0,3.0,0.96,124.0,124.0,141.0,79.0,0.0,0.0,74.0,5.65,1
6.0,6.0,7.0,1.0,27.0,3.0,23.0,1.0,1.0,1.0,0.0,0.0,7.0,4.0,7.0,23.0,210.0,30.0,170.0,42.0,162.0,10.0,145.0,42.0,137.0,33.0,33.0,34.0,4.0,4.0,4.0,0.06,48.0,48.0,53.0,12.0,0.0,0.0,13.0,27.47,0
2.0,2.0,2.0,1.0,11.0,0.0,8.0,3.0,1.0,2.0,0.0,0.0,8.0,6.0,8.0,15.0,112.0,12.0,65.0,28.0,55.0,35.0,61.0,27.0,52.0,6.0,6.0,6.0,1.0,2.0,2.0,0.54,17.0,17.0,18.0,8.0,0.0,0.0,9.0,41.67,0
1.0,1.0,1.0,1.0,12.0,1.0,7.0,2.0,1.0,1.0,1.0,0.0,7.0,3.0,7.0,7.0,98.0,23.0,56.0,29.0,48.0,19.0,46.0,29.0,38.0,3.0,3.0,4.0,1.0,1.0,1.0,0.34,11.0,11.0,13.0,7.0,0.0,0.0,8.0,66.67,0
1.0,1.0,1.0,1.0,8.0,0.0,8.0,0.0,1.0,1.0,0.0,1.0,7.0,5.0,7.0,13.0,73.0,6.0,63.0,21.0,54.0,4.0,43.0,21.0,34.0,3.0,3.0,3.0,1.0,2.0,2.0,0.06,11.0,11.0,11.0,7.0,0.0,0.0,8.0,35.71,0
1.0,1.0,2.0,1.0,25.0,4.0,9.0,11.0,1.0,6.0,4.0,0.0,6.0,2.0,6.0,6.0,180.0,37.0,72.0,29.0,65.0,71.0,54.0,29.0,47.0,6.0,6.0,7.0,4.0,1.0,2.0,0.99,11.0,11.0,12.0,9.0,0.0,0.0,22.0,25.0,0
1.0,1.0,1.0,1.0,4.0,0.0,3.0,0.0,1.0,2.0,1.0,0.0,11.0,5.0,11.0,120.0,64.0,12.0,44.0,21.0,31.0,8.0,41.0,20.0,29.0,2.0,2.0,2.0,1.0,3.0,1.0,0.18,12.0,12.0,12.0,11.0,0.0,0.0,12.0,32.73,0
2.0,2.0,2.0,1.0,17.0,3.0,8.0,5.0,1.0,8.0,6.0,2.0,18.0,14.0,18.0,127.0,334.0,72.0,157.0,61.0,123.0,106.0,124.0,46.0,104.0,10.0,10.0,10.0,3.0,3.0,2.0,0.68,40.0,40.0,44.0,20.0,0.0,0.0,19.0,12.43,0
1.0,1.0,1.0,1.0,4.0,0.0,4.0,0.0,1.0,1.0,1.0,0.0,3.0,2.0,3.0,35.0,20.0,3.0,17.0,10.0,13.0,0.0,16.0,10.0,12.0,2.0,2.0,2.0,1.0,3.0,1.0,0.0,4.0,4.0,4.0,3.0,0.0,0.0,8.0,26.67,0
2.0,2.0,2.0,2.0,10.0,1.0,9.0,0.0,1.0,2.0,1.0,0.0,4.0,2.0,4.0,143.0,60.0,10.0,46.0,16.0,39.0,6.0,28.0,14.0,23.0,5.0,5.0,5.0,5.0,5.0,3.0,0.13,11.0,11.0,11.0,8.0,0.0,0.0,10.0,46.67,0
2.0,2.0,2.0,1.0,8.0,0.0,7.0,1.0,1.0,2.0,1.0,0.0,4.0,4.0,4.0,63.0,47.0,6.0,32.0,13.0,27.0,9.0,31.0,13.0,26.0,4.0,4.0,5.0,4.0,3.0,1.0,0.28,8.0,8.0,9.0,7.0,0.0,0.0,8.0,60.0,0
2.0,2.0,2.0,1.0,9.0,0.0,5.0,3.0,1.0,1.0,0.0,0.0,0.0,0.0,10.0,10.0,135.0,19.0,70.0,34.0,48.0,47.0,59.0,24.0,47.0,4.0,4.0,4.0,3.0,1.0,2.0,0.67,23.0,23.0,24.0,12.0,0.0,0.0,13.0,0.0,0
1.0,1.0,1.0,1.0,8.0,0.0,7.0,1.0,1.0,1.0,0.0,0.0,7.0,0.0,7.0,7.0,67.0,10.0,56.0,19.0,48.0,11.0,44.0,19.0,36.0,2.0,2.0,2.0,1.0,1.0,1.0,0.2,10.0,10.0,10.0,7.0,0.0,0.0,8.0,57.14,0
2.0,2.0,2.0,1.0,11.0,1.0,9.0,0.0,2.0,1.0,0.0,0.0,6.0,1.0,6.0,81.0,76.0,14.0,57.0,27.0,49.0,5.0,48.0,26.0,41.0,7.0,7.0,7.0,3.0,3.0,2.0,0.09,13.0,13.0,13.0,8.0,0.0,0.0,8.0,27.78,0
2.0,2.0,3.0,1.0,29.0,2.0,23.0,3.0,1.0,22.0,10.0,0.0,35.0,38.0,36.0,36.0,1080.0,124.0,839.0,259.0,792.0,136.0,586.0,253.0,541.0,12.0,12.0,14.0,3.0,1.0,3.0,0.16,124.0,124.0,130.0,51.0,0.0,0.0,39.0,7.41,1
2.0,2.0,2.0,1.0,10.0,0.0,8.0,1.0,1.0,2.0,0.0,0.0,9.0,5.0,9.0,9.0,110.0,11.0,81.0,27.0,71.0,18.0,72.0,27.0,62.0,5.0,5.0,5.0,1.0,1.0,2.0,0.22,23.0,23.0,23.0,9.0,0.0,0.0,10.0,29.63,0
1.0,1.0,1.0,1.0,5.0,0.0,4.0,0.0,1.0,2.0,2.0,0.0,3.0,1.0,3.0,35.0,25.0,5.0,18.0,13.0,14.0,2.0,18.0,13.0,14.0,1.0,1.0,1.0,1.0,3.0,0.0,0.11,3.0,3.0,3.0,3.0,0.0,0.0,9.0,13.33,0
1.0,1.0,1.0,1.0,12.0,2.0,3.0,5.0,1.0,4.0,0.0,0.0,17.0,2.0,17.0,17.0,270.0,60.0,86.0,31.0,68.0,124.0,67.0,31.0,49.0,4.0,4.0,4.0,3.0,1.0,2.0,1.44,24.0,24.0,24.0,21.0,0.0,0.0,34.0,35.29,0
1.0,1.0,1.0,1.0,2.0,0.0,2.0,0.0,1.0,0.0,0.0,0.0,3.0,1.0,3.0,35.0,20.0,4.0,11.0,9.0,7.0,5.0,11.0,9.0,7.0,1.0,1.0,1.0,1.0,3.0,0.0,0.45,3.0,3.0,3.0,3.0,0.0,0.0,7.0,25.0,0
2.0,2.0,2.0,1.0,14.0,2.0,11.0,0.0,1.0,5.0,1.0,0.0,10.0,10.0,10.0,10.0,179.0,45.0,125.0,58.0,110.0,14.0,129.0,58.0,114.0,7.0,7.0,7.0,1.0,1.0,2.0,0.11,28.0,28.0,28.0,13.0,0.0,0.0,11.0,28.57,0
3.0,3.0,3.0,1.0,21.0,1.0,16.0,3.0,1.0,18.0,14.0,1.0,15.0,20.0,15.0,29.0,408.0,69.0,257.0,82.0,228.0,85.0,208.0,70.0,191.0,10.0,10.0,10.0,7.0,2.0,3.0,0.33,51.0,51.0,51.0,22.0,0.0,0.0,16.0,18.84,0
1.0,1.0,1.0,1.0,11.0,1.0,8.0,2.0,1.0,2.0,2.0,1.0,5.0,5.0,5.0,132.0,68.0,11.0,44.0,23.0,36.0,14.0,29.0,22.0,22.0,2.0,2.0,2.0,1.0,4.0,1.0,0.32,6.0,6.0,6.0,5.0,0.0,0.0,7.0,50.0,0
2.0,2.0,2.0,1.0,14.0,2.0,9.0,2.0,1.0,6.0,4.0,1.0,8.0,5.0,8.0,15.0,149.0,40.0,82.0,41.0,58.0,28.0,58.0,28.0,47.0,5.0,5.0,5.0,1.0,2.0,2.0,0.34,22.0,22.0,23.0,10.0,0.0,0.0,9.0,27.08,0
1.0,1.0,1.0,1.0,4.0,0.0,3.0,0.0,1.0,4.0,0.0,0.0,6.0,1.0,6.0,7.0,38.0,6.0,23.0,12.0,16.0,9.0,23.0,12.0,16.0,2.0,2.0,3.0,1.0,2.0,1.0,0.39,8.0,8.0,10.0,6.0,0.0,0.0,8.0,45.83,0
2.0,2.0,2.0,1.0,6.0,0.0,6.0,0.0,1.0,1.0,0.0,1.0,3.0,1.0,3.0,3.0,33.0,3.0,26.0,10.0,22.0,4.0,19.0,10.0,15.0,3.0,3.0,4.0,3.0,1.0,2.0,0.15,6.0,6.0,7.0,5.0,0.0,0.0,8.0,33.33,0
1.0,1.0,1.0,1.0,9.0,1.0,5.0,3.0,1.0,2.0,0.0,1.0,6.0,0.0,6.0,6.0,71.0,12.0,35.0,12.0,28.0,24.0,29.0,12.0,22.0,5.0,5.0,5.0,5.0,1.0,1.0,0.69,11.0,11.0,11.0,10.0,0.0,0.0,8.0,16.67,0
1.0,1.0,1.0,1.0,2.0,0.0,2.0,0.0,1.0,0.0,0.0,0.0,2.0,0.0,2.0,50.0,28.0,3.0,24.0,15.0,20.0,1.0,17.0,15.0,13.0,1.0,1.0,1.0,1.0,2.0,0.0,0.04,2.0,2.0,2.0,2.0,0.0,0.0,12.0,21.43,0
2.0,2.0,2.0,1.0,8.0,0.0,7.0,1.0,1.0,2.0,1.0,0.0,6.0,1.0,6.0,40.0,64.0,10.0,48.0,17.0,40.0,6.0,36.0,17.0,28.0,5.0,5.0,5.0,1.0,3.0,3.0,0.12,12.0,12.0,12.0,6.0,0.0,0.0,11.0,25.0,0
4.0,4.0,5.0,3.0,17.0,1.0,11.0,5.0,1.0,8.0,2.0,7.0,4.0,1.0,4.0,4.0,91.0,12.0,54.0,10.0,49.0,25.0,46.0,10.0,41.0,7.0,7.0,8.0,5.0,1.0,3.0,0.46,16.0,16.0,20.0,13.0,0.0,0.0,12.0,41.67,0
2.0,2.0,2.0,1.0,5.0,0.0,4.0,1.0,1.0,3.0,2.0,3.0,6.0,0.0,6.0,65.0,44.0,6.0,30.0,13.0,21.0,8.0,24.0,11.0,17.0,5.0,5.0,5.0,3.0,3.0,3.0,0.27,12.0,12.0,13.0,8.0,0.0,0.0,8.0,30.0,0
1.0,1.0,2.0,1.0,6.0,0.0,6.0,0.0,1.0,1.0,1.0,17.0,3.0,4.0,3.0,3.0,30.0,3.0,24.0,13.0,19.0,3.0,24.0,13.0,19.0,2.0,2.0,3.0,1.0,1.0,1.0,0.12,5.0,5.0,6.0,3.0,0.0,0.0,7.0,72.22,0
1.0,1.0,2.0,1.0,16.0,2.0,7.0,7.0,1.0,6.0,5.0,0.0,8.0,5.0,8.0,8.0,153.0,30.0,61.0,39.0,52.0,69.0,60.0,39.0,51.0,5.0,5.0,7.0,5.0,1.0,3.0,1.13,15.0,15.0,17.0,12.0,0.0,0.0,9.0,35.0,0
3.0,3.0,3.0,1.0,15.0,1.0,10.0,3.0,1.0,11.0,4.0,0.0,9.0,5.0,11.0,51.0,187.0,23.0,123.0,40.0,109.0,41.0,110.0,35.0,98.0,6.0,6.0,7.0,3.0,2.0,4.0,0.33,34.0,34.0,35.0,21.0,0.0,0.0,12.0,12.12,0
2.0,2.0,3.0,1.0,17.0,1.0,13.0,2.0,1.0,7.0,6.0,3.0,10.0,0.0,10.0,10.0,186.0,20.0,142.0,36.0,131.0,25.0,90.0,36.0,79.0,12.0,12.0,15.0,4.0,1.0,2.0,0.18,28.0,28.0,32.0,13.0,0.0,0.0,14.0,6.67,0
1.0,1.0,1.0,1.0,2.0,0.0,2.0,0.0,1.0,0.0,0.0,0.0,6.0,0.0,6.0,6.0,24.0,6.0,13.0,7.0,6.0,5.0,13.0,7.0,6.0,1.0,1.0,1.0,1.0,1.0,0.0,0.38,6.0,6.0,6.0,6.0,0.0,0.0,7.0,0.0,0
0.0,0.0,0.0,0.0,0.0,0.0,0.0,0.0,1.0,0.0,0.0,0.0,0.0,0.0,0.0,0.0,7.0,0.0,7.0,3.0,6.0,0.0,3.0,3.0,2.0,0.0,0.0,0.0,0.0,1.0,0.0,0.0,0.0,0.0,0.0,0.0,0.0,0.0,7.0,0.0,0
3.0,3.0,4.0,1.0,23.0,1.0,17.0,5.0,1.0,10.0,5.0,46.0,11.0,3.0,11.0,11.0,375.0,46.0,197.0,50.0,181.0,135.0,135.0,47.0,121.0,13.0,13.0,17.0,3.0,1.0,4.0,0.69,43.0,43.0,53.0,15.0,0.0,0.0,20.0,17.42,0
2.0,2.0,2.0,1.0,7.0,0.0,6.0,0.0,1.0,2.0,1.0,1.0,5.0,3.0,5.0,23.0,45.0,5.0,33.0,11.0,27.0,7.0,32.0,10.0,26.0,4.0,4.0,4.0,1.0,3.0,2.0,0.21,12.0,12.0,12.0,5.0,0.0,0.0,7.0,36.67,0
2.0,2.0,2.0,1.0,10.0,0.0,5.0,4.0,1.0,3.0,0.0,5.0,13.0,1.0,13.0,13.0,165.0,24.0,79.0,34.0,58.0,63.0,71.0,34.0,50.0,9.0,9.0,9.0,7.0,1.0,4.0,0.8,30.0,30.0,31.0,25.0,0.0,0.0,15.0,23.08,0
2.0,2.0,2.0,1.0,11.0,0.0,10.0,0.0,1.0,3.0,1.0,0.0,23.0,0.0,23.0,34.0,293.0,27.0,246.0,51.0,222.0,22.0,185.0,47.0,161.0,19.0,19.0,21.0,13.0,2.0,5.0,0.09,64.0,64.0,68.0,43.0,0.0,0.0,24.0,30.43,0
1.0,1.0,1.0,1.0,5.0,0.0,4.0,1.0,1.0,1.0,1.0,1.0,5.0,0.0,5.0,9.0,63.0,6.0,47.0,32.0,36.0,10.0,38.0,26.0,32.0,2.0,2.0,3.0,1.0,2.0,2.0,0.21,6.0,6.0,8.0,5.0,0.0,0.0,25.0,1.9,0
2.0,2.0,3.0,1.0,16.0,0.0,13.0,2.0,1.0,1.0,0.0,0.0,20.0,4.0,20.0,20.0,368.0,26.0,277.0,33.0,256.0,65.0,97.0,33.0,76.0,7.0,7.0,8.0,7.0,1.0,5.0,0.23,54.0,54.0,64.0,38.0,0.0,0.0,21.0,5.83,0
1.0,1.0,1.0,1.0,5.0,0.0,5.0,0.0,1.0,1.0,1.0,0.0,10.0,4.0,10.0,20.0,70.0,10.0,56.0,23.0,43.0,4.0,42.0,21.0,31.0,4.0,4.0,4.0,1.0,2.0,2.0,0.07,16.0,16.0,17.0,10.0,0.0,0.0,11.0,35.71,0
1.0,1.0,1.0,1.0,3.0,0.0,3.0,0.0,1.0,1.0,0.0,0.0,8.0,2.0,8.0,18.0,58.0,9.0,43.0,16.0,33.0,6.0,26.0,15.0,17.0,3.0,3.0,4.0,1.0,2.0,2.0,0.14,10.0,10.0,11.0,8.0,0.0,0.0,18.0,27.5,0
1.0,1.0,2.0,1.0,6.0,0.0,6.0,0.0,1.0,3.0,2.0,1.0,7.0,3.0,7.0,52.0,52.0,7.0,44.0,18.0,36.0,1.0,42.0,18.0,34.0,4.0,4.0,8.0,1.0,3.0,1.0,0.02,10.0,10.0,14.0,7.0,0.0,0.0,8.0,50.0,0
2.0,2.0,2.0,1.0,7.0,0.0,6.0,0.0,1.0,3.0,2.0,4.0,12.0,3.0,12.0,17.0,104.0,12.0,82.0,29.0,67.0,10.0,70.0,28.0,56.0,6.0,6.0,6.0,3.0,2.0,2.0,0.12,26.0,26.0,30.0,16.0,0.0,0.0,14.0,45.83,0
4.0,4.0,5.0,2.0,21.0,1.0,15.0,4.0,1.0,5.0,0.0,1.0,7.0,2.0,7.0,7.0,167.0,18.0,108.0,28.0,99.0,41.0,77.0,27.0,69.0,14.0,14.0,19.0,11.0,1.0,3.0,0.38,31.0,31.0,38.0,19.0,0.0,0.0,8.0,78.57,0
2.0,2.0,3.0,1.0,11.0,0.0,9.0,1.0,2.0,7.0,2.0,1.0,11.0,3.0,11.0,76.0,141.0,16.0,114.0,29.0,101.0,11.0,83.0,27.0,71.0,7.0,7.0,8.0,6.0,3.0,2.0,0.1,31.0,31.0,36.0,20.0,0.0,0.0,17.0,10.0,0
3.0,3.0,3.0,2.0,16.0,0.0,13.0,1.0,1.0,9.0,2.0,0.0,8.0,0.0,8.0,84.0,158.0,17.0,122.0,24.0,113.0,19.0,83.0,24.0,74.0,9.0,9.0,9.0,8.0,4.0,2.0,0.16,27.0,27.0,31.0,19.0,0.0,0.0,16.0,11.25,0
2.0,2.0,2.0,1.0,13.0,0.0,7.0,4.0,1.0,3.0,1.0,11.0,10.0,9.0,10.0,10.0,153.0,20.0,82.0,35.0,69.0,54.0,78.0,32.0,67.0,6.0,6.0,7.0,3.0,1.0,3.0,0.66,24.0,24.0,28.0,12.0,0.0,0.0,18.0,12.5,0
3.0,3.0,3.0,2.0,12.0,0.0,11.0,1.0,1.0,5.0,3.0,0.0,2.0,0.0,2.0,18.0,34.0,2.0,30.0,10.0,27.0,2.0,20.0,10.0,17.0,4.0,4.0,4.0,4.0,3.0,2.0,0.07,6.0,6.0,6.0,5.0,0.0,0.0,8.0,30.0,0
1.0,1.0,1.0,1.0,4.0,0.0,3.0,0.0,2.0,2.0,1.0,2.0,13.0,1.0,13.0,47.0,70.0,14.0,48.0,20.0,34.0,8.0,40.0,20.0,26.0,3.0,3.0,4.0,1.0,2.0,1.0,0.17,18.0,18.0,19.0,13.0,0.0,0.0,16.0,19.23,0
2.0,2.0,2.0,1.0,9.0,0.0,7.0,2.0,1.0,17.0,10.0,2.0,24.0,15.0,24.0,24.0,274.0,32.0,185.0,65.0,154.0,57.0,154.0,56.0,129.0,8.0,8.0,10.0,5.0,1.0,2.0,0.31,62.0,62.0,68.0,41.0,0.0,0.0,28.0,8.9,0
3.0,3.0,3.0,2.0,8.0,0.0,8.0,0.0,1.0,2.0,0.0,1.0,12.0,3.0,12.0,12.0,118.0,12.0,98.0,25.0,84.0,8.0,92.0,25.0,78.0,10.0,10.0,12.0,9.0,1.0,4.0,0.08,46.0,46.0,49.0,31.0,0.0,0.0,14.0,41.67,0
1.0,1.0,1.0,1.0,4.0,0.0,4.0,0.0,1.0,2.0,1.0,0.0,6.0,1.0,7.0,7.0,42.0,6.0,33.0,14.0,24.0,3.0,29.0,13.0,21.0,5.0,5.0,5.0,4.0,1.0,2.0,0.09,11.0,11.0,11.0,10.0,0.0,0.0,8.0,57.14,0
1.0,1.0,1.0,1.0,5.0,0.0,4.0,1.0,1.0,2.0,0.0,5.0,7.0,0.0,8.0,8.0,102.0,15.0,57.0,29.0,47.0,30.0,53.0,28.0,44.0,3.0,3.0,3.0,1.0,1.0,2.0,0.53,15.0,15.0,15.0,8.0,0.0,0.0,29.0,6.67,0
1.0,1.0,1.0,1.0,5.0,0.0,5.0,0.0,1.0,1.0,1.0,1.0,8.0,0.0,8.0,14.0,62.0,9.0,45.0,15.0,36.0,8.0,37.0,15.0,28.0,5.0,5.0,6.0,4.0,2.0,2.0,0.18,14.0,14.0,15.0,13.0,0.0,0.0,13.0,12.5,0
1.0,1.0,1.0,1.0,2.0,0.0,2.0,0.0,1.0,0.0,0.0,0.0,1.0,0.0,1.0,49.0,8.0,1.0,7.0,6.0,5.0,0.0,7.0,6.0,5.0,1.0,1.0,1.0,1.0,2.0,0.0,0.0,1.0,1.0,1.0,1.0,0.0,0.0,7.0,25.0,0
1.0,1.0,1.0,1.0,5.0,0.0,4.0,0.0,1.0,0.0,0.0,0.0,10.0,0.0,10.0,19.0,66.0,9.0,46.0,27.0,35.0,11.0,45.0,27.0,34.0,1.0,1.0,1.0,1.0,2.0,0.0,0.24,10.0,10.0,10.0,10.0,0.0,0.0,11.0,0.0,0
1.0,1.0,1.0,1.0,16.0,1.0,12.0,2.0,1.0,0.0,0.0,0.0,7.0,0.0,7.0,16.0,119.0,14.0,90.0,22.0,82.0,16.0,43.0,22.0,35.0,1.0,1.0,1.0,1.0,2.0,0.0,0.18,7.0,7.0,7.0,7.0,0.0,0.0,8.0,0.0,0
1.0,1.0,1.0,1.0,7.0,0.0,6.0,1.0,1.0,1.0,0.0,0.0,1.0,0.0,1.0,74.0,18.0,1.0,13.0,8.0,11.0,4.0,9.0,8.0,7.0,1.0,1.0,1.0,1.0,3.0,0.0,0.31,1.0,1.0,1.0,1.0,0.0,0.0,8.0,0.0,0
0.0,0.0,0.0,0.0,0.0,0.0,0.0,0.0,1.0,0.0,0.0,0.0,0.0,0.0,0.0,48.0,9.0,0.0,9.0,3.0,8.0,0.0,3.0,3.0,2.0,0.0,0.0,0.0,0.0,2.0,0.0,0.0,0.0,0.0,0.0,0.0,0.0,0.0,7.0,0.0,0
1.0,1.0,1.0,1.0,14.0,0.0,9.0,5.0,0.0,4.0,3.0,0.0,4.0,0.0,5.0,5.0,81.0,8.0,49.0,20.0,42.0,27.0,39.0,19.0,33.0,1.0,1.0,1.0,1.0,0.0,0.0,0.55,5.0,5.0,5.0,5.0,0.0,0.0,7.0,80.0,0
1.0,1.0,1.0,1.0,2.0,0.0,2.0,0.0,1.0,0.0,0.0,0.0,1.0,0.0,1.0,49.0,8.0,1.0,7.0,6.0,5.0,0.0,7.0,6.0,5.0,1.0,1.0,1.0,1.0,2.0,0.0,0.0,1.0,1.0,1.0,1.0,0.0,0.0,7.0,25.0,0
1.0,1.0,1.0,1.0,2.0,0.0,2.0,0.0,1.0,0.0,0.0,0.0,1.0,0.0,1.0,49.0,13.0,1.0,12.0,11.0,10.0,0.0,12.0,11.0,10.0,1.0,1.0,1.0,1.0,2.0,0.0,0.0,1.0,1.0,1.0,1.0,0.0,0.0,12.0,11.11,0
1.0,1.0,1.0,1.0,11.0,0.0,7.0,3.0,1.0,20.0,11.0,0.0,20.0,0.0,20.0,47.0,262.0,39.0,156.0,47.0,126.0,67.0,138.0,41.0,113.0,1.0,1.0,1.0,1.0,2.0,2.0,0.43,21.0,21.0,21.0,21.0,0.0,0.0,21.0,0.0,0
1.0,1.0,1.0,1.0,12.0,0.0,7.0,4.0,0.0,5.0,4.0,0.0,6.0,0.0,7.0,7.0,100.0,9.0,54.0,20.0,43.0,37.0,40.0,17.0,32.0,1.0,1.0,1.0,1.0,0.0,0.0,0.69,7.0,7.0,7.0,7.0,0.0,0.0,9.0,85.71,0
1.0,1.0,1.0,1.0,9.0,0.0,8.0,0.0,0.0,4.0,2.0,0.0,6.0,0.0,6.0,6.0,62.0,6.0,51.0,20.0,44.0,5.0,51.0,20.0,44.0,1.0,1.0,1.0,1.0,0.0,1.0,0.1,6.0,6.0,6.0,6.0,0.0,0.0,7.0,0.0,0
1.0,1.0,1.0,1.0,27.0,6.0,14.0,6.0,1.0,4.0,3.0,0.0,6.0,3.0,6.0,33.0,169.0,42.0,90.0,31.0,83.0,39.0,90.0,31.0,83.0,1.0,1.0,1.0,1.0,2.0,0.0,0.43,6.0,6.0,6.0,6.0,0.0,0.0,8.0,44.44,0
1.0,1.0,1.0,1.0,2.0,0.0,2.0,0.0,1.0,0.0,0.0,0.0,1.0,0.0,1.0,49.0,9.0,1.0,8.0,7.0,6.0,0.0,8.0,7.0,6.0,1.0,1.0,1.0,1.0,2.0,0.0,0.0,1.0,1.0,1.0,1.0,0.0,0.0,8.0,20.0,0
1.0,1.0,1.0,1.0,16.0,1.0,12.0,2.0,0.0,20.0,18.0,0.0,14.0,0.0,14.0,14.0,244.0,37.0,178.0,53.0,162.0,29.0,156.0,52.0,141.0,1.0,1.0,1.0,1.0,0.0,1.0,0.16,14.0,14.0,14.0,14.0,0.0,0.0,15.0,0.0,0
1.0,1.0,1.0,1.0,2.0,0.0,2.0,0.0,1.0,0.0,0.0,0.0,1.0,0.0,1.0,49.0,14.0,1.0,13.0,7.0,11.0,0.0,8.0,7.0,6.0,1.0,1.0,1.0,1.0,2.0,0.0,0.0,1.0,1.0,1.0,1.0,0.0,0.0,10.0,20.0,0
1.0,1.0,1.0,1.0,10.0,0.0,9.0,0.0,1.0,5.0,5.0,0.0,32.0,0.0,32.0,59.0,383.0,34.0,321.0,100.0,285.0,28.0,319.0,98.0,285.0,1.0,1.0,1.0,1.0,2.0,0.0,0.09,32.0,32.0,32.0,32.0,0.0,0.0,33.0,0.0,0
1.0,1.0,1.0,1.0,2.0,0.0,2.0,0.0,1.0,0.0,0.0,1.0,2.0,0.0,2.0,50.0,12.0,3.0,9.0,7.0,5.0,0.0,9.0,7.0,5.0,1.0,1.0,1.0,1.0,2.0,0.0,0.0,2.0,2.0,2.0,2.0,0.0,0.0,7.0,50.0,0
1.0,1.0,1.0,1.0,6.0,0.0,5.0,1.0,0.0,3.0,3.0,0.0,9.0,1.0,10.0,10.0,78.0,10.0,58.0,21.0,46.0,10.0,45.0,20.0,34.0,1.0,1.0,1.0,1.0,0.0,0.0,0.17,10.0,10.0,10.0,10.0,0.0,0.0,13.0,90.0,0
0.0,0.0,0.0,0.0,0.0,0.0,0.0,0.0,1.0,0.0,0.0,0.0,0.0,0.0,0.0,48.0,10.0,1.0,9.0,9.0,7.0,0.0,9.0,9.0,7.0,0.0,0.0,0.0,0.0,2.0,0.0,0.0,0.0,0.0,0.0,0.0,0.0,0.0,7.0,0.0,0
0.0,0.0,0.0,0.0,0.0,0.0,0.0,0.0,1.0,0.0,0.0,0.0,0.0,0.0,0.0,48.0,9.0,1.0,8.0,8.0,6.0,0.0,8.0,8.0,6.0,0.0,0.0,0.0,0.0,2.0,0.0,0.0,0.0,0.0,0.0,0.0,0.0,0.0,7.0,0.0,0
1.0,1.0,1.0,1.0,7.0,0.0,4.0,3.0,1.0,10.0,6.0,0.0,19.0,0.0,19.0,19.0,171.0,20.0,90.0,45.0,70.0,61.0,84.0,45.0,64.0,2.0,2.0,2.0,1.0,1.0,1.0,0.68,23.0,23.0,23.0,19.0,0.0,0.0,21.0,63.16,0
1.0,1.0,1.0,1.0,14.0,0.0,13.0,0.0,0.0,5.0,5.0,0.0,8.0,0.0,8.0,8.0,125.0,11.0,109.0,26.0,99.0,5.0,73.0,25.0,64.0,1.0,1.0,1.0,1.0,0.0,1.0,0.05,8.0,8.0,8.0,8.0,0.0,0.0,10.0,100.0,0
1.0,1.0,1.0,1.0,11.0,1.0,9.0,1.0,1.0,4.0,1.0,0.0,9.0,0.0,9.0,9.0,118.0,26.0,82.0,31.0,72.0,10.0,82.0,31.0,72.0,1.0,1.0,1.0,1.0,1.0,1.0,0.12,9.0,9.0,9.0,9.0,0.0,0.0,10.0,0.0,0
1.0,1.0,1.0,1.0,2.0,0.0,2.0,0.0,1.0,0.0,0.0,0.0,1.0,0.0,1.0,1.0,12.0,3.0,9.0,8.0,6.0,0.0,9.0,8.0,6.0,1.0,1.0,1.0,1.0,1.0,0.0,0.0,1.0,1.0,1.0,1.0,0.0,0.0,7.0,33.33,0
1.0,1.0,1.0,1.0,2.0,0.0,2.0,0.0,1.0,0.0,0.0,0.0,1.0,0.0,1.0,1.0,11.0,1.0,9.0,8.0,7.0,1.0,9.0,8.0,7.0,1.0,1.0,1.0,1.0,2.0,0.0,0.11,1.0,1.0,1.0,1.0,0.0,0.0,9.0,16.67,0
1.0,1.0,1.0,1.0,17.0,1.0,11.0,4.0,1.0,4.0,3.0,0.0,12.0,1.0,12.0,39.0,228.0,30.0,143.0,40.0,119.0,56.0,133.0,30.0,119.0,1.0,1.0,1.0,1.0,2.0,1.0,0.39,12.0,12.0,12.0,12.0,0.0,0.0,13.0,50.0,0
0.0,0.0,0.0,0.0,0.0,0.0,0.0,0.0,1.0,0.0,0.0,0.0,0.0,0.0,0.0,48.0,12.0,1.0,9.0,9.0,7.0,2.0,9.0,9.0,7.0,0.0,0.0,0.0,0.0,2.0,0.0,0.22,0.0,0.0,0.0,0.0,0.0,0.0,8.0,0.0,0
1.0,1.0,1.0,1.0,15.0,1.0,14.0,0.0,1.0,11.0,11.0,0.0,9.0,0.0,9.0,38.0,149.0,19.0,130.0,59.0,108.0,0.0,66.0,57.0,46.0,1.0,1.0,1.0,1.0,3.0,0.0,0.0,9.0,9.0,9.0,9.0,0.0,0.0,10.0,0.0,0
1.0,1.0,1.0,1.0,2.0,0.0,2.0,0.0,1.0,0.0,0.0,0.0,1.0,0.0,1.0,49.0,11.0,2.0,9.0,8.0,6.0,0.0,9.0,8.0,6.0,1.0,1.0,1.0,1.0,2.0,0.0,0.0,1.0,1.0,1.0,1.0,0.0,0.0,8.0,25.0,0
1.0,1.0,1.0,1.0,19.0,2.0,13.0,3.0,0.0,18.0,16.0,0.0,9.0,0.0,9.0,9.0,187.0,28.0,128.0,38.0,109.0,31.0,104.0,29.0,88.0,2.0,2.0,2.0,1.0,0.0,2.0,0.24,15.0,15.0,15.0,9.0,0.0,0.0,10.0,0.0,0
1.0,1.0,1.0,1.0,16.0,1.0,11.0,4.0,1.0,5.0,5.0,0.0,6.0,0.0,6.0,33.0,116.0,13.0,73.0,19.0,64.0,31.0,61.0,19.0,52.0,3.0,3.0,3.0,3.0,2.0,1.0,0.42,9.0,9.0,9.0,9.0,0.0,0.0,7.0,0.0,0
1.0,1.0,1.0,1.0,32.0,1.0,22.0,8.0,1.0,2.0,2.0,0.0,9.0,0.0,9.0,57.0,401.0,23.0,281.0,69.0,234.0,97.0,158.0,33.0,146.0,1.0,1.0,1.0,1.0,4.0,2.0,0.35,11.0,11.0,11.0,11.0,0.0,0.0,12.0,0.0,0
0.0,0.0,0.0,0.0,0.0,0.0,0.0,0.0,1.0,0.0,0.0,0.0,0.0,0.0,0.0,9.0,14.0,4.0,10.0,3.0,9.0,0.0,3.0,3.0,2.0,0.0,0.0,0.0,0.0,2.0,0.0,0.0,0.0,0.0,0.0,0.0,0.0,0.0,7.0,0.0,0
0.0,0.0,0.0,0.0,0.0,0.0,0.0,0.0,1.0,0.0,0.0,0.0,0.0,0.0,0.0,9.0,14.0,3.0,11.0,2.0,10.0,0.0,2.0,2.0,1.0,0.0,0.0,0.0,0.0,2.0,0.0,0.0,0.0,0.0,0.0,0.0,0.0,0.0,8.0,0.0,0
0.0,0.0,0.0,0.0,0.0,0.0,0.0,0.0,1.0,0.0,0.0,0.0,0.0,0.0,0.0,9.0,18.0,4.0,14.0,3.0,13.0,0.0,3.0,3.0,2.0,0.0,0.0,0.0,0.0,2.0,0.0,0.0,0.0,0.0,0.0,0.0,0.0,0.0,11.0,0.0,0
0.0,0.0,0.0,0.0,0.0,0.0,0.0,0.0,1.0,0.0,0.0,0.0,0.0,0.0,0.0,48.0,21.0,0.0,15.0,8.0,14.0,6.0,8.0,8.0,7.0,0.0,0.0,0.0,0.0,2.0,0.0,0.4,0.0,0.0,0.0,0.0,0.0,0.0,8.0,0.0,0
1.0,1.0,1.0,1.0,18.0,1.0,13.0,3.0,1.0,0.0,0.0,0.0,5.0,1.0,5.0,8.0,102.0,12.0,69.0,12.0,63.0,21.0,68.0,12.0,62.0,1.0,1.0,1.0,1.0,2.0,0.0,0.3,5.0,5.0,5.0,5.0,0.0,0.0,8.0,73.33,0
1.0,1.0,1.0,1.0,13.0,0.0,11.0,0.0,0.0,24.0,22.0,0.0,18.0,1.0,18.0,18.0,256.0,26.0,210.0,70.0,178.0,20.0,181.0,69.0,150.0,1.0,1.0,1.0,1.0,0.0,0.0,0.1,18.0,18.0,18.0,18.0,0.0,0.0,19.0,33.33,0
1.0,1.0,1.0,1.0,13.0,1.0,9.0,2.0,0.0,3.0,1.0,0.0,4.0,0.0,4.0,4.0,107.0,15.0,73.0,23.0,64.0,19.0,47.0,23.0,38.0,1.0,1.0,1.0,1.0,0.0,0.0,0.26,5.0,5.0,5.0,5.0,0.0,0.0,26.0,30.0,0
1.0,1.0,1.0,1.0,6.0,0.0,5.0,0.0,1.0,6.0,6.0,0.0,6.0,0.0,6.0,8.0,43.0,7.0,34.0,13.0,27.0,2.0,27.0,12.0,20.0,1.0,1.0,1.0,1.0,2.0,1.0,0.06,6.0,6.0,6.0,6.0,0.0,0.0,8.0,0.0,0
1.0,1.0,1.0,1.0,11.0,0.0,11.0,0.0,0.0,8.0,6.0,0.0,17.0,0.0,17.0,17.0,220.0,18.0,202.0,65.0,182.0,0.0,190.0,49.0,170.0,2.0,2.0,2.0,1.0,0.0,2.0,0.0,34.0,34.0,34.0,18.0,0.0,0.0,20.0,0.0,0
1.0,1.0,1.0,1.0,6.0,0.0,6.0,0.0,1.0,2.0,2.0,0.0,5.0,0.0,5.0,41.0,45.0,7.0,37.0,23.0,28.0,1.0,34.0,19.0,28.0,1.0,1.0,1.0,1.0,3.0,1.0,0.03,5.0,5.0,5.0,5.0,0.0,0.0,8.0,0.0,0
1.0,1.0,1.0,1.0,2.0,0.0,2.0,0.0,1.0,0.0,0.0,0.0,1.0,0.0,1.0,49.0,11.0,3.0,8.0,7.0,5.0,0.0,8.0,7.0,5.0,1.0,1.0,1.0,1.0,2.0,0.0,0.0,1.0,1.0,1.0,1.0,0.0,0.0,7.0,66.67,0
1.0,1.0,1.0,1.0,2.0,0.0,2.0,0.0,1.0,0.0,0.0,0.0,1.0,0.0,1.0,49.0,10.0,2.0,8.0,7.0,5.0,0.0,8.0,7.0,5.0,1.0,1.0,1.0,1.0,2.0,0.0,0.0,1.0,1.0,1.0,1.0,0.0,0.0,7.0,33.33,0
1.0,1.0,1.0,1.0,4.0,0.0,4.0,0.0,0.0,4.0,4.0,0.0,7.0,1.0,7.0,7.0,44.0,7.0,36.0,17.0,25.0,1.0,25.0,14.0,17.0,1.0,1.0,1.0,1.0,0.0,1.0,0.03,7.0,7.0,7.0,7.0,0.0,0.0,10.0,71.43,0
1.0,1.0,1.0,1.0,9.0,0.0,6.0,2.0,0.0,10.0,9.0,0.0,13.0,0.0,15.0,15.0,153.0,17.0,103.0,45.0,85.0,33.0,80.0,43.0,64.0,4.0,4.0,4.0,1.0,0.0,2.0,0.32,18.0,18.0,18.0,15.0,0.0,0.0,16.0,0.0,0
1.0,1.0,1.0,1.0,11.0,1.0,7.0,2.0,1.0,1.0,1.0,0.0,6.0,2.0,6.0,33.0,80.0,17.0,44.0,10.0,37.0,19.0,40.0,10.0,33.0,1.0,1.0,1.0,1.0,2.0,1.0,0.43,6.0,6.0,6.0,6.0,0.0,0.0,8.0,55.56,0
0.0,0.0,0.0,0.0,0.0,0.0,0.0,0.0,1.0,0.0,0.0,0.0,0.0,0.0,0.0,9.0,44.0,2.0,42.0,3.0,41.0,0.0,3.0,3.0,2.0,0.0,0.0,0.0,0.0,2.0,0.0,0.0,0.0,0.0,0.0,0.0,0.0,0.0,7.0,0.0,0
1.0,1.0,1.0,1.0,15.0,2.0,9.0,3.0,0.0,4.0,3.0,0.0,2.0,0.0,2.0,2.0,41.0,8.0,27.0,8.0,22.0,6.0,19.0,6.0,16.0,2.0,2.0,2.0,1.0,0.0,1.0,0.22,3.0,3.0,3.0,2.0,0.0,0.0,7.0,0.0,0
1.0,1.0,1.0,1.0,4.0,0.0,4.0,0.0,1.0,1.0,1.0,0.0,4.0,1.0,4.0,31.0,22.0,4.0,18.0,12.0,13.0,0.0,15.0,12.0,10.0,2.0,2.0,2.0,1.0,2.0,1.0,0.0,7.0,7.0,7.0,4.0,0.0,0.0,7.0,87.5,0
1.0,1.0,1.0,1.0,7.0,0.0,6.0,0.0,1.0,6.0,4.0,0.0,12.0,2.0,12.0,39.0,103.0,17.0,79.0,34.0,63.0,7.0,60.0,31.0,47.0,3.0,3.0,3.0,1.0,2.0,2.0,0.09,14.0,14.0,14.0,12.0,0.0,0.0,14.0,29.17,0
1.0,1.0,1.0,1.0,3.0,0.0,3.0,0.0,1.0,0.0,0.0,0.0,11.0,0.0,11.0,38.0,58.0,11.0,45.0,34.0,22.0,2.0,34.0,23.0,22.0,1.0,1.0,1.0,1.0,2.0,0.0,0.04,11.0,11.0,11.0,11.0,0.0,0.0,12.0,100.0,0
1.0,1.0,1.0,1.0,5.0,0.0,5.0,0.0,1.0,0.0,0.0,0.0,9.0,0.0,9.0,36.0,72.0,9.0,60.0,28.0,41.0,4.0,28.0,19.0,18.0,1.0,1.0,1.0,1.0,2.0,0.0,0.07,9.0,9.0,9.0,9.0,0.0,0.0,10.0,100.0,0
1.0,1.0,1.0,1.0,3.0,0.0,3.0,0.0,1.0,1.0,1.0,0.0,8.0,0.0,8.0,35.0,41.0,8.0,33.0,21.0,16.0,0.0,25.0,13.0,16.0,1.0,1.0,1.0,1.0,2.0,1.0,0.0,8.0,8.0,8.0,8.0,0.0,0.0,9.0,100.0,0
1.0,1.0,1.0,1.0,3.0,0.0,3.0,0.0,1.0,1.0,1.0,0.0,7.0,0.0,7.0,34.0,47.0,7.0,35.0,24.0,14.0,5.0,22.0,11.0,14.0,1.0,1.0,1.0,1.0,2.0,1.0,0.14,7.0,7.0,7.0,7.0,0.0,0.0,8.0,100.0,0
1.0,1.0,1.0,1.0,9.0,0.0,6.0,2.0,0.0,3.0,1.0,0.0,46.0,0.0,47.0,47.0,502.0,95.0,308.0,110.0,258.0,99.0,255.0,108.0,207.0,2.0,2.0,2.0,1.0,0.0,1.0,0.32,50.0,50.0,50.0,47.0,0.0,0.0,49.0,95.74,1
1.0,1.0,1.0,1.0,6.0,0.0,5.0,1.0,1.0,1.0,0.0,0.0,6.0,0.0,6.0,33.0,45.0,6.0,31.0,17.0,24.0,8.0,31.0,17.0,24.0,1.0,1.0,1.0,1.0,2.0,1.0,0.26,6.0,6.0,6.0,6.0,0.0,0.0,8.0,100.0,0
1.0,1.0,1.0,1.0,8.0,0.0,4.0,3.0,1.0,6.0,4.0,0.0,13.0,0.0,13.0,40.0,130.0,18.0,65.0,24.0,49.0,47.0,63.0,22.0,49.0,1.0,1.0,1.0,1.0,2.0,2.0,0.72,13.0,13.0,13.0,13.0,0.0,0.0,14.0,7.69,0
1.0,1.0,1.0,1.0,9.0,0.0,7.0,1.0,1.0,3.0,3.0,0.0,5.0,0.0,5.0,41.0,55.0,6.0,41.0,14.0,33.0,8.0,39.0,12.0,33.0,1.0,1.0,1.0,1.0,3.0,2.0,0.2,5.0,5.0,5.0,5.0,0.0,0.0,9.0,0.0,0
1.0,1.0,1.0,1.0,7.0,0.0,5.0,2.0,1.0,2.0,2.0,0.0,7.0,0.0,7.0,34.0,92.0,6.0,70.0,48.0,28.0,16.0,36.0,14.0,28.0,1.0,1.0,1.0,1.0,2.0,1.0,0.23,7.0,7.0,7.0,7.0,0.0,0.0,9.0,100.0,0
1.0,1.0,1.0,1.0,10.0,0.0,8.0,1.0,1.0,4.0,2.0,0.0,15.0,0.0,15.0,42.0,237.0,23.0,193.0,81.0,154.0,27.0,127.0,73.0,95.0,4.0,4.0,4.0,1.0,2.0,2.0,0.14,39.0,39.0,39.0,24.0,0.0,0.0,16.0,0.0,0
1.0,1.0,1.0,1.0,9.0,0.0,7.0,1.0,1.0,4.0,1.0,0.0,11.0,9.0,11.0,11.0,123.0,13.0,94.0,31.0,79.0,16.0,71.0,30.0,57.0,1.0,1.0,1.0,1.0,1.0,0.0,0.17,12.0,12.0,12.0,12.0,0.0,0.0,12.0,41.41,0
1.0,1.0,1.0,1.0,2.0,0.0,2.0,0.0,1.0,0.0,0.0,3.0,1.0,0.0,1.0,49.0,14.0,2.0,8.0,7.0,5.0,4.0,8.0,7.0,5.0,1.0,1.0,1.0,1.0,2.0,0.0,0.5,1.0,1.0,1.0,1.0,0.0,0.0,7.0,33.33,0
1.0,1.0,1.0,1.0,8.0,0.0,6.0,1.0,1.0,3.0,2.0,1.0,9.0,0.0,9.0,36.0,90.0,12.0,64.0,42.0,54.0,14.0,58.0,37.0,48.0,2.0,2.0,2.0,1.0,2.0,2.0,0.22,10.0,10.0,10.0,9.0,0.0,0.0,12.0,100.0,0
2.0,2.0,2.0,1.0,17.0,1.0,10.0,4.0,1.0,18.0,9.0,1.0,33.0,10.0,34.0,34.0,705.0,92.0,440.0,117.0,400.0,173.0,273.0,108.0,238.0,7.0,7.0,7.0,6.0,1.0,4.0,0.39,72.0,72.0,77.0,48.0,0.0,0.0,58.0,6.14,1
4.0,4.0,4.0,1.0,26.0,3.0,17.0,5.0,2.0,14.0,4.0,0.0,29.0,10.0,29.0,50.0,827.0,131.0,517.0,171.0,468.0,179.0,428.0,159.0,391.0,21.0,21.0,21.0,12.0,2.0,6.0,0.35,142.0,142.0,152.0,65.0,0.0,0.0,30.0,8.28,0
1.0,1.0,1.0,1.0,8.0,0.0,4.0,3.0,1.0,1.0,0.0,6.0,12.0,6.0,12.0,29.0,134.0,22.0,73.0,34.0,52.0,39.0,44.0,26.0,31.0,2.0,2.0,2.0,1.0,2.0,1.0,0.53,15.0,15.0,15.0,12.0,0.0,0.0,25.0,15.91,0
2.0,2.0,2.0,1.0,21.0,0.0,21.0,0.0,1.0,6.0,2.0,0.0,8.0,2.0,8.0,32.0,257.0,13.0,242.0,38.0,232.0,2.0,84.0,33.0,75.0,6.0,6.0,6.0,1.0,3.0,5.0,0.01,22.0,22.0,23.0,8.0,0.0,0.0,48.0,12.5,1
5.0,5.0,6.0,2.0,29.0,4.0,25.0,0.0,1.0,10.0,7.0,0.0,12.0,1.0,12.0,43.0,443.0,61.0,379.0,54.0,364.0,3.0,180.0,51.0,167.0,22.0,22.0,29.0,9.0,4.0,4.0,0.01,61.0,61.0,75.0,28.0,0.0,0.0,83.0,4.76,1
4.0,4.0,4.0,2.0,13.0,0.0,12.0,1.0,0.0,10.0,1.0,0.0,39.0,16.0,40.0,40.0,630.0,63.0,508.0,120.0,465.0,67.0,401.0,107.0,359.0,24.0,24.0,30.0,16.0,0.0,4.0,0.13,166.0,166.0,196.0,110.0,0.0,0.0,40.0,12.14,1
1.0,1.0,1.0,1.0,9.0,0.0,8.0,0.0,1.0,15.0,9.0,0.0,36.0,3.0,36.0,52.0,470.0,74.0,395.0,135.0,340.0,3.0,326.0,132.0,273.0,1.0,1.0,1.0,1.0,3.0,1.0,0.01,47.0,47.0,47.0,47.0,0.0,0.0,37.0,16.67,0
1.0,1.0,1.0,1.0,7.0,0.0,7.0,0.0,1.0,3.0,3.0,0.0,3.0,0.0,3.0,19.0,26.0,3.0,23.0,13.0,19.0,0.0,23.0,13.0,19.0,1.0,1.0,1.0,1.0,3.0,0.0,0.0,3.0,3.0,3.0,3.0,0.0,0.0,4.0,0.0,0
1.0,1.0,1.0,1.0,8.0,0.0,8.0,0.0,1.0,13.0,10.0,0.0,61.0,4.0,61.0,77.0,673.0,81.0,592.0,188.0,509.0,1.0,473.0,176.0,399.0,3.0,3.0,6.0,3.0,3.0,2.0,0.0,89.0,89.0,92.0,73.0,0.0,0.0,62.0,15.85,1
2.0,2.0,2.0,1.0,11.0,0.0,9.0,1.0,1.0,4.0,2.0,2.0,28.0,22.0,28.0,28.0,370.0,56.0,266.0,92.0,227.0,53.0,210.0,84.0,177.0,8.0,8.0,10.0,8.0,1.0,4.0,0.2,68.0,68.0,76.0,42.0,0.0,0.0,36.0,8.71,0
0.0,0.0,0.0,0.0,0.0,0.0,0.0,0.0,1.0,0.0,0.0,0.0,0.0,0.0,0.0,12.0,3.0,0.0,2.0,1.0,1.0,1.0,2.0,1.0,1.0,0.0,0.0,0.0,0.0,3.0,0.0,0.5,0.0,0.0,0.0,0.0,0.0,0.0,2.0,0.0,0
3.0,3.0,3.0,1.0,13.0,0.0,8.0,4.0,1.0,8.0,1.0,7.0,26.0,23.0,26.0,26.0,415.0,60.0,227.0,67.0,200.0,144.0,209.0,66.0,182.0,11.0,11.0,15.0,4.0,1.0,3.0,0.63,87.0,87.0,93.0,40.0,0.0,0.0,28.0,8.97,0
1.0,1.0,1.0,1.0,10.0,0.0,9.0,0.0,1.0,10.0,6.0,0.0,41.0,1.0,41.0,92.0,492.0,67.0,400.0,96.0,354.0,28.0,302.0,93.0,256.0,5.0,5.0,6.0,1.0,3.0,3.0,0.07,55.0,55.0,56.0,42.0,0.0,0.0,42.0,40.65,0
1.0,1.0,1.0,1.0,10.0,0.0,9.0,0.0,1.0,3.0,0.0,0.0,63.0,7.0,63.0,114.0,744.0,99.0,608.0,246.0,544.0,37.0,523.0,245.0,459.0,3.0,3.0,4.0,1.0,3.0,1.0,0.06,67.0,67.0,73.0,63.0,0.0,0.0,64.0,13.61,1
1.0,1.0,1.0,1.0,3.0,0.0,3.0,0.0,1.0,0.0,0.0,0.0,3.0,2.0,3.0,3.0,12.0,2.0,10.0,7.0,6.0,0.0,10.0,7.0,6.0,1.0,1.0,1.0,1.0,1.0,0.0,0.0,3.0,3.0,3.0,3.0,0.0,0.0,4.0,100.0,0
6.0,6.0,9.0,3.0,32.0,2.0,25.0,5.0,0.0,9.0,0.0,0.0,8.0,7.0,9.0,9.0,634.0,35.0,531.0,51.0,517.0,197.0,174.0,47.0,163.0,16.0,16.0,22.0,12.0,0.0,4.0,0.37,62.0,62.0,85.0,29.0,0.0,0.0,306.0,11.73,1
2.0,2.0,2.0,1.0,9.0,0.0,6.0,2.0,1.0,11.0,3.0,1.0,39.0,8.0,39.0,77.0,431.0,57.0,280.0,107.0,222.0,99.0,230.0,89.0,190.0,17.0,17.0,24.0,5.0,2.0,4.0,0.35,93.0,93.0,109.0,53.0,0.0,0.0,51.0,4.74,1
3.0,3.0,4.0,1.0,26.0,2.0,16.0,7.0,1.0,10.0,5.0,0.0,8.0,6.0,8.0,8.0,223.0,31.0,129.0,28.0,120.0,63.0,106.0,27.0,97.0,17.0,17.0,19.0,5.0,1.0,6.0,0.49,31.0,31.0,33.0,12.0,0.0,0.0,9.0,43.75,0
0.0,0.0,0.0,0.0,0.0,0.0,0.0,0.0,1.0,0.0,0.0,0.0,0.0,0.0,0.0,0.0,81.0,10.0,65.0,4.0,64.0,66.0,4.0,4.0,3.0,0.0,0.0,0.0,0.0,1.0,0.0,1.02,0.0,0.0,0.0,0.0,0.0,0.0,64.0,0.0,1
2.0,2.0,2.0,1.0,4.0,0.0,4.0,0.0,1.0,0.0,0.0,0.0,1.0,0.0,1.0,1.0,5.0,0.0,5.0,3.0,3.0,0.0,5.0,3.0,3.0,2.0,2.0,2.0,1.0,1.0,1.0,0.0,2.0,2.0,2.0,1.0,0.0,0.0,2.0,100.0,0
1.0,1.0,1.0,1.0,6.0,1.0,4.0,0.0,1.0,2.0,0.0,0.0,5.0,1.0,5.0,5.0,44.0,15.0,24.0,10.0,18.0,5.0,24.0,10.0,18.0,3.0,3.0,3.0,3.0,1.0,2.0,0.21,7.0,7.0,7.0,7.0,0.0,0.0,8.0,35.0,0
1.0,1.0,1.0,1.0,11.0,1.0,9.0,0.0,1.0,52.0,46.0,0.0,29.0,2.0,29.0,33.0,789.0,154.0,629.0,273.0,491.0,11.0,540.0,272.0,403.0,4.0,4.0,4.0,1.0,2.0,1.0,0.02,113.0,113.0,113.0,79.0,0.0,0.0,30.0,19.83,0
2.0,2.0,3.0,1.0,10.0,0.0,10.0,0.0,1.0,22.0,7.0,71.0,33.0,15.0,34.0,34.0,633.0,81.0,543.0,165.0,477.0,16.0,432.0,157.0,373.0,14.0,14.0,16.0,5.0,1.0,4.0,0.03,141.0,141.0,176.0,73.0,0.0,0.0,66.0,4.95,1
3.0,3.0,3.0,1.0,9.0,0.0,9.0,0.0,1.0,22.0,8.0,0.0,27.0,6.0,27.0,27.0,331.0,41.0,289.0,72.0,261.0,3.0,224.0,72.0,196.0,13.0,13.0,16.0,10.0,1.0,4.0,0.01,88.0,88.0,103.0,52.0,0.0,0.0,65.0,8.73,1
7.0,7.0,8.0,3.0,43.0,7.0,29.0,9.0,0.0,2.0,0.0,0.0,3.0,2.0,3.0,3.0,138.0,23.0,88.0,39.0,84.0,34.0,82.0,39.0,78.0,15.0,15.0,16.0,7.0,0.0,4.0,0.39,23.0,23.0,26.0,9.0,0.0,0.0,3.0,66.67,0
0.0,0.0,0.0,0.0,0.0,0.0,0.0,0.0,1.0,0.0,0.0,0.0,0.0,0.0,0.0,0.0,80.0,10.0,65.0,4.0,64.0,66.0,4.0,4.0,3.0,0.0,0.0,0.0,0.0,1.0,0.0,1.02,0.0,0.0,0.0,0.0,0.0,0.0,64.0,0.0,1
2.0,2.0,2.0,1.0,12.0,1.0,7.0,2.0,1.0,12.0,8.0,0.0,34.0,33.0,34.0,34.0,447.0,96.0,258.0,104.0,223.0,94.0,245.0,103.0,210.0,8.0,8.0,12.0,8.0,1.0,2.0,0.36,75.0,75.0,88.0,45.0,0.0,0.0,35.0,8.92,0
0.0,0.0,0.0,0.0,0.0,0.0,0.0,0.0,1.0,0.0,0.0,0.0,0.0,0.0,0.0,6.0,2.0,0.0,2.0,1.0,1.0,0.0,2.0,1.0,1.0,0.0,0.0,0.0,0.0,2.0,0.0,0.0,0.0,0.0,0.0,0.0,0.0,0.0,2.0,0.0,0
3.0,3.0,4.0,1.0,34.0,6.0,15.0,13.0,1.0,66.0,47.0,2.0,182.0,53.0,182.0,235.0,6753.0,1391.0,2862.0,799.0,2624.0,2547.0,2427.0,752.0,2235.0,52.0,52.0,60.0,22.0,2.0,5.0,0.89,687.0,687.0,774.0,286.0,0.0,0.0,245.0,3.15,1
4.0,4.0,8.0,2.0,24.0,2.0,17.0,5.0,1.0,8.0,3.0,0.0,18.0,2.0,18.0,212.0,519.0,64.0,355.0,130.0,324.0,106.0,274.0,120.0,254.0,19.0,19.0,36.0,8.0,3.0,4.0,0.3,78.0,78.0,155.0,40.0,0.0,0.0,40.0,14.32,1
0.0,0.0,0.0,0.0,0.0,0.0,0.0,0.0,1.0,0.0,0.0,0.0,0.0,0.0,0.0,194.0,8.0,1.0,7.0,6.0,6.0,0.0,6.0,6.0,5.0,0.0,0.0,0.0,0.0,3.0,0.0,0.0,0.0,0.0,0.0,0.0,0.0,0.0,6.0,0.0,0
4.0,4.0,4.0,2.0,32.0,4.0,19.0,8.0,1.0,12.0,6.0,0.0,9.0,0.0,9.0,9.0,608.0,102.0,230.0,67.0,219.0,276.0,237.0,65.0,227.0,10.0,10.0,11.0,6.0,1.0,5.0,1.2,40.0,40.0,43.0,23.0,0.0,0.0,91.0,16.39,1
2.0,2.0,2.0,1.0,10.0,0.0,7.0,2.0,1.0,4.0,0.0,6.0,7.0,5.0,7.0,7.0,93.0,14.0,58.0,23.0,49.0,21.0,54.0,23.0,45.0,7.0,7.0,7.0,1.0,1.0,3.0,0.36,21.0,21.0,21.0,8.0,0.0,0.0,10.0,26.53,0
3.0,3.0,3.0,1.0,17.0,2.0,10.0,4.0,1.0,5.0,0.0,6.0,14.0,7.0,14.0,20.0,463.0,92.0,222.0,50.0,207.0,151.0,141.0,49.0,126.0,12.0,12.0,14.0,9.0,2.0,3.0,0.68,43.0,43.0,47.0,27.0,0.0,0.0,84.0,14.29,1
4.0,4.0,5.0,1.0,27.0,3.0,18.0,4.0,1.0,6.0,4.0,8.0,15.0,0.0,15.0,26.0,432.0,76.0,289.0,62.0,273.0,67.0,226.0,59.0,210.0,15.0,15.0,28.0,4.0,2.0,3.0,0.23,70.0,70.0,89.0,27.0,0.0,0.0,23.0,4.44,0
5.0,5.0,5.0,1.0,63.0,9.0,45.0,8.0,1.0,31.0,22.0,0.0,9.0,81.0,9.0,9.0,907.0,118.0,698.0,157.0,681.0,92.0,281.0,138.0,267.0,26.0,26.0,26.0,5.0,1.0,3.0,0.13,61.0,61.0,62.0,19.0,0.0,0.0,198.0,13.36,1
1.0,1.0,1.0,1.0,3.0,0.0,3.0,0.0,1.0,0.0,0.0,0.0,1.0,0.0,1.0,1.0,4.0,0.0,4.0,2.0,2.0,0.0,4.0,2.0,2.0,1.0,1.0,1.0,1.0,1.0,0.0,0.0,1.0,1.0,1.0,1.0,0.0,0.0,2.0,0.0,0
0.0,0.0,0.0,0.0,0.0,0.0,0.0,0.0,1.0,0.0,0.0,0.0,0.0,0.0,0.0,0.0,80.0,10.0,65.0,4.0,64.0,66.0,4.0,4.0,3.0,0.0,0.0,0.0,0.0,1.0,0.0,1.02,0.0,0.0,0.0,0.0,0.0,0.0,64.0,0.0,0
1.0,1.0,1.0,1.0,4.0,1.0,2.0,1.0,1.0,0.0,0.0,0.0,2.0,0.0,2.0,2.0,216.0,8.0,206.0,5.0,203.0,2.0,7.0,5.0,4.0,1.0,1.0,1.0,1.0,1.0,0.0,0.01,2.0,2.0,2.0,2.0,0.0,0.0,182.0,0.0,1
1.0,1.0,1.0,1.0,7.0,1.0,4.0,2.0,1.0,0.0,0.0,0.0,2.0,0.0,2.0,2.0,414.0,8.0,402.0,5.0,399.0,4.0,9.0,5.0,6.0,1.0,1.0,1.0,1.0,1.0,0.0,0.01,2.0,2.0,2.0,2.0,0.0,0.0,356.0,0.0,1
4.0,4.0,4.0,2.0,30.0,4.0,19.0,7.0,1.0,12.0,6.0,0.0,9.0,0.0,9.0,9.0,611.0,99.0,426.0,106.0,415.0,86.0,239.0,102.0,229.0,10.0,10.0,11.0,6.0,1.0,5.0,0.2,39.0,39.0,42.0,23.0,0.0,0.0,133.0,8.3,1
9.0,9.0,9.0,3.0,31.0,2.0,24.0,5.0,0.0,8.0,2.0,0.0,5.0,3.0,5.0,5.0,199.0,19.0,149.0,35.0,142.0,31.0,130.0,35.0,123.0,25.0,25.0,27.0,14.0,0.0,6.0,0.21,54.0,54.0,56.0,21.0,0.0,0.0,12.0,36.36,0
0.0,0.0,0.0,0.0,0.0,0.0,0.0,0.0,1.0,0.0,0.0,0.0,0.0,0.0,0.0,0.0,503.0,2.0,501.0,3.0,500.0,0.0,3.0,3.0,2.0,0.0,0.0,0.0,0.0,1.0,0.0,0.0,0.0,0.0,0.0,0.0,0.0,0.0,53.0,0.0,1
1.0,1.0,1.0,1.0,16.0,1.0,13.0,1.0,1.0,0.0,0.0,0.0,82.0,0.0,83.0,84.0,1425.0,180.0,1163.0,292.0,1078.0,119.0,395.0,291.0,311.0,1.0,1.0,1.0,1.0,2.0,0.0,0.1,83.0,83.0,83.0,83.0,0.0,0.0,84.0,0.0,1
1.0,1.0,1.0,1.0,3.0,0.0,3.0,0.0,1.0,1.0,0.0,0.0,1.0,0.0,1.0,1.0,6.0,1.0,4.0,3.0,2.0,1.0,4.0,3.0,2.0,1.0,1.0,1.0,1.0,1.0,0.0,0.25,1.0,1.0,1.0,1.0,0.0,0.0,2.0,0.0,0
2.0,2.0,2.0,2.0,4.0,0.0,3.0,1.0,1.0,0.0,0.0,0.0,0.0,0.0,2.0,2.0,200.0,2.0,195.0,7.0,190.0,3.0,8.0,5.0,5.0,3.0,3.0,3.0,3.0,1.0,2.0,0.02,4.0,4.0,4.0,4.0,0.0,0.0,188.0,0.0,0
6.0,6.0,7.0,2.0,28.0,1.0,25.0,1.0,1.0,39.0,20.0,0.0,49.0,9.0,52.0,52.0,1938.0,195.0,1468.0,357.0,1389.0,283.0,1155.0,333.0,1080.0,59.0,59.0,73.0,29.0,1.0,5.0,0.19,447.0,447.0,512.0,205.0,0.0,0.0,59.0,7.92,1
0.0,0.0,0.0,0.0,0.0,0.0,0.0,0.0,1.0,0.0,0.0,0.0,0.0,0.0,0.0,84.0,15.0,1.0,14.0,4.0,13.0,0.0,4.0,4.0,3.0,0.0,0.0,0.0,0.0,3.0,0.0,0.0,0.0,0.0,0.0,0.0,0.0,0.0,12.0,0.0,0
3.0,3.0,3.0,1.0,13.0,0.0,12.0,0.0,1.0,3.0,2.0,1.0,19.0,0.0,19.0,99.0,468.0,40.0,409.0,114.0,385.0,21.0,197.0,111.0,173.0,9.0,9.0,10.0,6.0,2.0,4.0,0.05,66.0,66.0,73.0,37.0,0.0,0.0,149.0,4.09,1
1.0,1.0,1.0,1.0,5.0,0.0,4.0,0.0,2.0,10.0,8.0,0.0,67.0,7.0,67.0,102.0,545.0,103.0,413.0,206.0,288.0,29.0,338.0,161.0,258.0,6.0,6.0,6.0,3.0,3.0,2.0,0.07,136.0,136.0,138.0,83.0,0.0,0.0,78.0,1.98,1
1.0,1.0,1.0,1.0,3.0,0.0,3.0,0.0,1.0,3.0,0.0,0.0,4.0,1.0,5.0,5.0,22.0,4.0,17.0,11.0,10.0,1.0,16.0,10.0,10.0,1.0,1.0,1.0,1.0,1.0,0.0,0.06,5.0,5.0,5.0,5.0,0.0,0.0,6.0,80.0,0
2.0,2.0,2.0,1.0,95.0,16.0,75.0,3.0,1.0,8.0,3.0,0.0,5.0,0.0,5.0,5.0,611.0,91.0,481.0,38.0,471.0,39.0,101.0,34.0,95.0,4.0,4.0,4.0,1.0,1.0,2.0,0.08,12.0,12.0,12.0,5.0,0.0,0.0,87.0,0.0,1
0.0,0.0,0.0,0.0,0.0,0.0,0.0,0.0,1.0,0.0,0.0,0.0,0.0,0.0,0.0,0.0,3.0,0.0,3.0,3.0,2.0,0.0,3.0,3.0,2.0,0.0,0.0,0.0,0.0,1.0,0.0,0.0,0.0,0.0,0.0,0.0,0.0,0.0,3.0,0.0,0
1.0,1.0,1.0,1.0,5.0,0.0,5.0,0.0,1.0,1.0,0.0,0.0,6.0,2.0,6.0,6.0,158.0,31.0,126.0,15.0,118.0,1.0,26.0,14.0,19.0,4.0,4.0,4.0,1.0,1.0,3.0,0.01,10.0,10.0,10.0,6.0,0.0,0.0,85.0,19.44,1
1.0,1.0,1.0,1.0,6.0,0.0,5.0,0.0,1.0,5.0,4.0,0.0,5.0,3.0,5.0,5.0,38.0,8.0,30.0,15.0,22.0,0.0,28.0,15.0,20.0,2.0,2.0,2.0,1.0,1.0,1.0,0.0,7.0,7.0,7.0,6.0,0.0,0.0,6.0,80.0,0
